station,model,date,forecast,lower95,upper95,sarima_forecast,sarima_lower95,sarima_upper95
Dhaka,SARIMA+SVR,2024-01-01,25.35656822737769,23.32265255370362,27.39773318492571,25.354344383775015,23.53302864104479,27.17566012650524
Dhaka,SARIMA+SVR,2024-02-01,28.98862384432038,26.95470817064631,31.0297888018684,28.929364821694193,27.015958505200846,30.84277113818754
Dhaka,SARIMA+SVR,2024-03-01,33.21259631729338,31.178680643619312,35.2537612748414,32.99495596154101,31.047234245811232,34.94267767727079
Dhaka,SARIMA+SVR,2024-04-01,34.59282395280268,32.558908279128616,36.6339889103507,34.62966904714079,32.66888794959481,36.59045014468676
Dhaka,SARIMA+SVR,2024-05-01,34.474478280999286,32.44056260732522,36.515643238547305,34.22744455510867,32.2616556288232,36.19323348139414
Dhaka,SARIMA+SVR,2024-06-01,33.455044622695304,31.421128949021234,35.496209580243324,33.40949236120358,31.44177762744524,35.377207094961925
Dhaka,SARIMA+SVR,2024-07-01,33.050737251791716,31.016821578117646,35.091902209339736,32.92590840594906,30.95745228163603,34.89436453026209
Dhaka,SARIMA+SVR,2024-08-01,33.26632590333113,31.23241022965706,35.30749086087915,33.03442821292458,31.065686556295173,35.00316986955399
Dhaka,SARIMA+SVR,2024-09-01,33.43230811484491,31.398392441170838,35.47347307239293,33.22115015274515,31.252298523231488,35.19000178225882
Dhaka,SARIMA+SVR,2024-10-01,32.80399712464428,30.770081450970213,34.8451620821923,32.583791826950076,30.614897869969067,34.55268578393108
Dhaka,SARIMA+SVR,2024-11-01,30.513243952017845,28.479328278343775,32.554408909565865,30.385526198959067,28.416616031294573,32.35443636662356
Dhaka,SARIMA+SVR,2024-12-01,26.610327890126328,24.57641221645226,28.651492847674348,26.517422185696812,24.54850602033037,28.486338351063253
Dhaka,SARIMA+SVR,2025-01-01,25.352400045586208,23.318484371912138,27.393565003134228,25.230330633146004,23.255486423173316,27.20517484311869
Dhaka,SARIMA+SVR,2025-02-01,28.96728275631388,26.933367082639812,31.0084477138619,28.861612576737794,26.886131255107408,30.83709389836818
Dhaka,SARIMA+SVR,2025-03-01,33.08602359819665,31.052107924522577,35.12718855574467,32.96212387839424,30.98639717162681,34.93785058516167
Dhaka,SARIMA+SVR,2025-04-01,34.76877212674135,32.73485645306728,36.809937084289366,34.61851106756149,32.642689837218974,36.59433229790401
Dhaka,SARIMA+SVR,2025-05-01,34.37966117728387,32.345745503609805,36.42082613483189,34.22973916970734,32.253881526752075,36.2055968126626
Dhaka,SARIMA+SVR,2025-06-01,33.631094045004566,31.597178371330497,35.672259002552586,33.42013667707379,31.444265007559025,35.39600834658856
Dhaka,SARIMA+SVR,2025-07-01,33.175956196014454,31.142040522340384,35.21712115356247,32.94173518034004,30.96585810937017,34.91761225130991
Dhaka,SARIMA+SVR,2025-08-01,33.30266695982649,31.26875128615242,35.34383191737451,33.053471614527254,31.0775924681387,35.02935076091581
Dhaka,SARIMA+SVR,2025-09-01,33.482143332480106,31.448227658806037,35.523308290028126,33.24219003740263,31.266310105569005,35.218069969236254
Dhaka,SARIMA+SVR,2025-10-01,32.81051922020801,30.776603546533938,34.85168417775603,32.606070880564914,30.6301906827113,34.58195107841853
Dhaka,SARIMA+SVR,2025-11-01,30.57621153581344,28.54229586213937,32.61737649336146,30.4085743749069,28.43269416948403,32.38445458032977
Dhaka,SARIMA+SVR,2025-12-01,26.66957802662857,24.6356623529545,28.71074298417659,26.540947737356483,24.56506777538967,28.516827699323294
Dhaka,SARIMA+SVR,2026-01-01,25.364756861270877,23.330841187596807,27.405921818818896,25.254152480414938,23.272581270733838,27.235723690096037
Dhaka,SARIMA+SVR,2026-02-01,29.00977277566181,26.97585710198774,31.050937733209828,28.885618327556685,26.90345576009205,30.86778089502132
Dhaka,SARIMA+SVR,2026-03-01,33.128039645550004,31.094123971875934,35.169204603098024,32.986243773718236,31.003853439525148,34.96863410791133
Dhaka,SARIMA+SVR,2026-04-01,34.8033287914867,32.76941311781263,36.84449374903472,34.64270180963125,32.66022373800441,36.625179881258084
Dhaka,SARIMA+SVR,2026-05-01,34.4370918101769,32.403176136502836,36.47825676772492,34.25397388464621,32.271462014518654,36.23648575477376
Dhaka,SARIMA+SVR,2026-06-01,33.65431295978931,31.62039728611524,35.69547791733733,33.44439868491367,31.461873795255453,35.42692357457189
Dhaka,SARIMA+SVR,2026-07-01,33.20553700640388,31.17162133272981,35.2467019639519,32.96601412822637,30.98348422504866,34.94854403140408
Dhaka,SARIMA+SVR,2026-08-01,33.32942957969151,31.295513906017437,35.370594537239526,33.077761076692504,31.09522924752511,35.060292905859896
Dhaka,SARIMA+SVR,2026-09-01,33.5096591450359,31.475743471361827,35.55082410258392,33.26648602552763,31.283953468433637,35.249018582621616
Dhaka,SARIMA+SVR,2026-10-01,32.84429248268373,30.810376809009657,34.88545744023175,32.63037091919598,30.647838118117633,34.61290372027433
Dhaka,SARIMA+SVR,2026-11-01,30.6025509710688,28.56863529739473,32.64371592861682,30.43287692758955,28.450344127112427,32.41540972806667
Dhaka,SARIMA+SVR,2026-12-01,26.69592807412889,24.66201240045482,28.73709303167691,26.565251850450412,24.58271929575021,28.547784405150615
Chittagong,SARIMA+LSTM,2024-01-01,27.12692620348858,25.448799776695576,28.801757588356324,27.096529776427573,25.59991250856731,28.593147044287836
Chittagong,SARIMA+LSTM,2024-02-01,29.49657787315516,27.818451446362157,31.171409258022905,29.468399212311354,27.875146444025262,31.061651980597446
Chittagong,SARIMA+LSTM,2024-03-01,32.07749973080149,30.39937330400849,33.752331115669236,32.04237281902248,30.42823294191167,33.65651269613329
Chittagong,SARIMA+LSTM,2024-04-01,33.11569147117939,31.437565044386385,34.79052285604713,33.091664013767776,31.468566644789565,34.71476138274599
Chittagong,SARIMA+LSTM,2024-05-01,33.44261290364331,31.764486476850305,35.11744428851105,33.443926659115036,31.814664016282723,35.073189301947345
Chittagong,SARIMA+LSTM,2024-06-01,32.608000996320484,30.92987456952748,34.28283238118823,32.597477604266345,30.9629606728982,34.23199453563449
Chittagong,SARIMA+LSTM,2024-07-01,32.03094270859866,30.352816281805655,33.7057740934664,32.02944285674637,30.390094666150596,33.66879104734215
Chittagong,SARIMA+LSTM,2024-08-01,32.26767739787183,30.589550971078825,33.94250878273957,32.29925032061669,30.655349446385724,33.94315119484766
Chittagong,SARIMA+LSTM,2024-09-01,32.746726606247705,31.0686001794547,34.42155799111545,32.73922428795436,31.09100015132335,34.387448424585365
Chittagong,SARIMA+LSTM,2024-10-01,32.626422462106156,30.948296035313152,34.3012538469739,32.63518251294113,30.982843664410197,34.28752136147206
Chittagong,SARIMA+LSTM,2024-11-01,30.965131847086717,29.287005420293713,32.63996323195446,30.96268714808864,29.3064325095083,32.618941786668984
Chittagong,SARIMA+LSTM,2024-12-01,28.051047465417305,26.372921038624302,29.72587885028505,28.05770535633268,26.39774623034882,29.71766448231654
Chittagong,SARIMA+LSTM,2025-01-01,27.046577997470315,25.368451570677312,28.72140938233806,27.052326035578634,25.386933802944498,28.71771826821277
Chittagong,SARIMA+LSTM,2025-02-01,29.417516104817434,27.73938967802443,31.092347489685178,29.42469672366763,27.75521802121042,31.09417542612484
Chittagong,SARIMA+LSTM,2025-03-01,31.9914324798612,30.313306053068196,33.66626386472895,31.999871957557424,30.326844259968983,33.67289965514586
Chittagong,SARIMA+LSTM,2025-04-01,33.04081478029788,31.362688353504875,34.71564616516562,33.0505518605723,31.374238768335342,34.72686495280926
Chittagong,SARIMA+LSTM,2025-05-01,33.39353996424776,31.715413537454754,35.0683713491155,33.40423657679226,31.724819272205284,35.08365388137923
Chittagong,SARIMA+LSTM,2025-06-01,32.54811759761285,30.869991170819848,34.222948982480595,32.55919727318669,30.876828172742545,34.24156637363084
Chittagong,SARIMA+LSTM,2025-07-01,31.98081340743129,30.30268698063829,33.655644792299036,31.992546727260752,30.30736522530581,33.677728229215695
Chittagong,SARIMA+LSTM,2025-08-01,32.25153423012574,30.57340780333274,33.926365614993486,32.26370935348171,30.575846697667394,33.95157200929602
Chittagong,SARIMA+LSTM,2025-09-01,32.69306652188749,31.014940095094484,34.36789790675523,32.70500887040099,31.01458998368213,34.39542775711985
Chittagong,SARIMA+LSTM,2025-10-01,32.589655146054014,30.91152871926101,34.26448653092176,32.602263324351796,30.90940823624323,34.29511841246036
Chittagong,SARIMA+LSTM,2025-11-01,30.918151651077302,29.2400252242843,32.592983035945046,30.93103540979261,29.235863112638313,32.62620770694691
Chittagong,SARIMA+LSTM,2025-12-01,28.01390359463648,26.335777167843478,29.688734979504225,28.027292896566696,26.32994282862013,29.72464296451326
Chittagong,SARIMA+LSTM,2026-01-01,27.009456042491518,25.331329615698515,28.684287427359262,27.023125299131596,25.322259398778684,28.72399119948451
Chittagong,SARIMA+LSTM,2026-02-01,29.38271905579511,27.704592629002107,31.057550440662855,29.396680765123172,27.693259448453176,31.100102081793167
Chittagong,SARIMA+LSTM,2026-03-01,31.95880119868489,30.280674771891885,33.63363258355263,31.97301442982259,30.267425620835116,33.67860323881006
Chittagong,SARIMA+LSTM,2026-04-01,33.01039599379327,31.332269567000264,34.68522737866101,33.02482700219969,31.317246758769162,34.73240724563022
Chittagong,SARIMA+LSTM,2026-05-01,33.36500322066235,31.68687679386935,35.039834605530096,33.37961919914494,31.670161400928865,35.08907699736101
Chittagong,SARIMA+LSTM,2026-06-01,32.520884295558375,30.84275786876537,34.19571568042612,32.535662747756504,30.82442049168021,34.2469050038328
Chittagong,SARIMA+LSTM,2026-07-01,31.95514004569787,30.277013618904867,33.62997143056562,31.970070973229053,30.25712863139372,33.683013315064386
Chittagong,SARIMA+LSTM,2026-08-01,32.227202294951,30.549075868157995,33.90203367981874,32.24226882554477,30.5277057515143,33.956831899575235
Chittagong,SARIMA+LSTM,2026-09-01,32.669390598734886,30.991264171941882,34.34422198360263,32.684580546862584,30.968472502036864,34.40068859168831
Chittagong,SARIMA+LSTM,2026-10-01,32.56750914267173,30.889382715878728,34.242340527539476,32.58282469547952,30.86524521877849,34.300404172180556
Chittagong,SARIMA+LSTM,2026-11-01,30.89714205591208,29.219015629119077,32.57197344077983,30.91256446643279,29.193589092311438,32.63153984055414
Chittagong,SARIMA+LSTM,2026-12-01,27.99424759936345,26.316121172570448,29.669078984231195,28.009768119012392,26.28949728346554,29.730038954559245
Barisal,SARIMA,2024-01-01,26.0615090294475,24.3302126372709,27.379402750133178,26.0615090294475,24.571232400152734,27.551785658742265
Barisal,SARIMA,2024-02-01,29.35232363842098,27.62102724624438,30.67021735910666,29.35232363842098,27.820777938653666,30.883869338188294
Barisal,SARIMA,2024-03-01,33.047735242031635,31.316438849855036,34.36562896271731,33.047735242031635,31.505529836661392,34.589940647401875
Barisal,SARIMA,2024-04-01,34.375128676543525,32.64383228436692,35.6930223972292,34.375128676543525,32.830134778337474,35.92012257474958
Barisal,SARIMA,2024-05-01,34.23843758496982,32.50714119279323,35.556331305655505,34.23843758496982,32.692711882662834,35.78416328727681
Barisal,SARIMA,2024-06-01,32.98941548381088,31.25811909163428,34.30730920449656,32.98941548381088,31.443497567699158,34.5353333999226
Barisal,SARIMA,2024-07-01,32.14161604762325,30.410319655446653,33.45950976830893,32.14161604762325,30.59564763515267,33.68758446009384
Barisal,SARIMA,2024-08-01,32.248735202991405,30.517438810814806,33.56662892367709,32.248735202991405,30.70275352830283,33.79471687767998
Barisal,SARIMA,2024-09-01,32.62105787004509,30.889761477868493,33.93895159073077,32.62105787004509,31.07507272895412,34.167043011136066
Barisal,SARIMA,2024-10-01,32.42823922784431,30.69694283566771,33.74613294852999,32.42823922784431,30.88225324469131,33.97422521099731
Barisal,SARIMA,2024-11-01,30.518506755876494,28.787210363699895,31.836400476562172,30.518506755876494,28.97252081291216,32.06449269884083
Barisal,SARIMA,2024-12-01,27.113631208810315,25.382334816633715,28.431524929495993,27.113631208810315,25.56764627142968,28.65961614619095
Barisal,SARIMA,2025-01-01,26.03000947388759,24.29871308171099,27.347903194573266,26.03000947388759,24.481639518922904,27.578379428852273
Barisal,SARIMA,2025-02-01,29.349002613062016,27.617706220885417,30.666896333747694,29.349002613062016,27.80049695320244,30.89750827292159
Barisal,SARIMA,2025-03-01,33.05885791749953,31.32756152532293,34.37675163818521,33.05885791749953,31.51031660499893,34.607399230000134
Barisal,SARIMA,2025-04-01,34.39365487845826,32.66235848628166,35.71154859914394,34.39365487845826,32.84510419886873,35.94220555804778
Barisal,SARIMA,2025-05-01,34.26075867328563,32.52946228110903,35.57865239397131,34.26075867328563,32.71220553271585,35.80931181385541
Barisal,SARIMA,2025-06-01,33.01368174823978,31.282385356063184,34.331575468925465,33.01368174823978,31.46512796140825,34.562235535071316
Barisal,SARIMA,2025-07-01,32.16687936696001,30.43558297478341,33.48477308764569,32.16687936696001,30.61832541157571,33.71543332234431
Barisal,SARIMA,2025-08-01,32.274509590957166,30.543213198780567,33.59240331164284,32.274509590957166,30.72595559602153,33.823063585892804
Barisal,SARIMA,2025-09-01,32.64709422065854,30.91579782848194,33.96498794134422,32.64709422065854,31.09854023334794,34.195648207969136
Barisal,SARIMA,2025-10-01,32.45440985480517,30.72311346262857,33.77230357549085,32.45440985480517,30.90585593807092,34.00296377153942
Barisal,SARIMA,2025-11-01,30.544746209968384,28.813449817791785,31.862639930654062,30.544746209968384,28.99619257277259,32.09329984716418
Barisal,SARIMA,2025-12-01,27.13990594219045,25.40860955001385,28.457799662876127,27.13990594219045,25.591353371814435,28.688458512566463
Barisal,SARIMA,2026-01-01,26.05630229066246,24.325005898485863,27.37419601134814,26.05630229066246,24.50538051421625,27.607224067108675
Barisal,SARIMA,2026-02-01,29.375304698991158,27.64400830681456,30.693198419676836,29.375304698991158,27.824248883252253,30.926360514730064
Barisal,SARIMA,2026-03-01,33.08516475459526,31.353868362418662,34.40305847528094,33.08516475459526,31.534073723778405,34.63625578541212
Barisal,SARIMA,2026-04-01,34.4199641508985,32.688667758721905,35.73785787158418,34.4199641508985,32.8688638679529,35.9710644338441
Barisal,SARIMA,2026-05-01,34.28706919403042,32.55577280185382,35.6049629147161,34.28706919403042,32.73596648030841,35.83817190775243
Barisal,SARIMA,2026-06-01,33.0399929088383,31.3086965166617,34.357886629523975,33.0399929088383,31.488889556789633,34.59109626088697
Barisal,SARIMA,2026-07-01,32.19319085553361,30.46189446335701,33.51108457621929,32.19319085553361,30.642087337014964,33.74429437405225
Barisal,SARIMA,2026-08-01,32.30082124764365,30.569524855467048,33.61871496832933,32.30082124764365,30.749717690113116,33.85192480517418
Barisal,SARIMA,2026-09-01,32.67340596351602,30.94210957133942,33.99129968420169,32.67340596351602,31.12230241372264,34.22450951330939
Barisal,SARIMA,2026-10-01,32.480721641832034,30.749425249655435,33.79861536251771,32.480721641832034,30.92961816253175,34.03182512113232
Barisal,SARIMA,2026-11-01,30.571058019635508,28.83976162745891,31.888951740321186,30.571058019635508,29.0199548194228,32.122161219848216
Barisal,SARIMA,2026-12-01,27.166217763462477,25.434921371285878,28.484111484148155,27.166217763462477,25.61511562831827,28.717319898606682
Bogra,SARIMA+XGB,2024-01-01,24.064658481724692,21.764523320169282,26.247866194936584,24.258831817753745,22.17813379388575,26.33952984162174
Bogra,SARIMA+XGB,2024-02-01,28.27286941949879,25.97273425794338,30.456077132710682,27.96427704040562,25.825905788641265,30.102648292169974
Bogra,SARIMA+XGB,2024-03-01,31.90565149839275,29.60551633683734,34.08885921160464,31.81112251038902,29.66955585108586,33.95268916969218
Bogra,SARIMA+XGB,2024-04-01,33.68296118073608,31.38282601918067,35.86616889394797,33.49236848943378,31.350622374642434,35.634114604225125
Bogra,SARIMA+XGB,2024-05-01,33.628346220343914,31.328211058788504,35.81155393355581,33.33759765395483,31.195841453363855,35.479353854545806
Bogra,SARIMA+XGB,2024-06-01,33.423254605387186,31.123119443831776,35.60646231859908,33.35017323866937,31.208416471210235,35.491930006128506
Bogra,SARIMA+XGB,2024-07-01,33.063210999159345,30.763075837603935,35.24641871237124,32.93299849846793,30.79124169914813,35.07475529778773
Bogra,SARIMA+XGB,2024-08-01,33.02431416672465,30.72417900516924,35.20752187993654,33.27016613048312,31.1284093293726,35.41192293159364
Bogra,SARIMA+XGB,2024-09-01,33.114168907158536,30.814033745603126,35.29737662037043,33.12758066096948,30.985823859758362,35.269337462180594
Bogra,SARIMA+XGB,2024-10-01,32.59600320791004,30.295868046354627,34.77921092112193,32.55808610056636,30.416329299350444,34.69984290178228
Bogra,SARIMA+XGB,2024-11-01,30.481089873064143,28.180954711508733,32.664297586276035,30.57962029968558,28.437863498484504,32.721377100886656
Bogra,SARIMA+XGB,2024-12-01,25.992034313116314,23.691899151560904,28.175242026328206,26.074981075558902,23.933224274627545,28.21673787649026
Bogra,SARIMA+XGB,2025-01-01,23.93972090740146,21.63958574584605,26.12292862061335,24.10206284482421,21.96005626576969,26.24406942387873
Bogra,SARIMA+XGB,2025-02-01,27.600350266363435,25.300215104808025,29.783557979575328,27.816322838928514,25.674302221758772,29.958343456098255
Bogra,SARIMA+XGB,2025-03-01,31.668980214155425,29.368845052600015,33.85218792736732,31.89958146528076,29.75756005910538,34.04160287145614
Bogra,SARIMA+XGB,2025-04-01,33.427382939988,31.12724777843259,35.61059065319989,33.616930478745324,31.474909028224108,35.75895192926654
Bogra,SARIMA+XGB,2025-05-01,33.212328181023814,30.912193019468404,35.39553589423571,33.396628916616656,31.254607463602994,35.53865036963032
Bogra,SARIMA+XGB,2025-06-01,33.357028349634106,31.056893188078696,35.540236062846,33.40070027052968,31.258678817375934,35.54272172368343
Bogra,SARIMA+XGB,2025-07-01,33.10527543118015,30.805140269624737,35.28848314439204,33.10947077674582,30.9674493235842,35.25149222990744
Bogra,SARIMA+XGB,2025-08-01,33.26096105469853,30.960825893143117,35.44416876791042,33.31323673470408,31.171215281542015,35.455258187866136
Bogra,SARIMA+XGB,2025-09-01,33.0943910850399,30.794255923484492,35.277598798251795,33.17677042616539,31.03474897300334,35.31879187932744
Bogra,SARIMA+XGB,2025-10-01,32.52376398889842,30.223628827343013,34.706971702110316,32.568001762763885,30.425980309602473,34.7100232159253
Bogra,SARIMA+XGB,2025-11-01,30.53853760006976,28.23840243851435,32.72174531328165,30.66463139000487,28.522609936854856,32.806652843154886
Bogra,SARIMA+XGB,2025-12-01,25.993134084440136,23.692998922884726,28.17634179765203,26.161250192023182,24.019228739075952,28.303271644970412
Bogra,SARIMA+XGB,2026-01-01,23.930026399653393,21.629891238097983,26.113234112865285,24.128547849815327,21.980728890499538,26.276366809131115
Bogra,SARIMA+XGB,2026-02-01,27.695840445161654,25.395705283606244,29.879048158373546,27.892175790668322,25.744031448334017,30.040320133002627
Bogra,SARIMA+XGB,2026-03-01,31.68355576840712,29.38342060685171,33.86676348161902,31.87351215032412,29.725349521390413,34.02167477925783
Bogra,SARIMA+XGB,2026-04-01,33.578882630711725,31.278747469156315,35.76209034392362,33.74511427784555,31.596950621123217,35.89327793456789
Bogra,SARIMA+XGB,2026-05-01,33.39573592277979,31.095600761224382,35.578943635991685,33.49354332270836,31.345379608219464,35.64170703719726
Bogra,SARIMA+XGB,2026-06-01,33.53157067064688,31.23143550909147,35.71477838385877,33.515537460786554,31.367373743050905,35.6637011785222
Bogra,SARIMA+XGB,2026-07-01,33.16148023311583,30.86134507156042,35.344687946327724,33.186860028696934,31.0386963107788,35.335023746615065
Bogra,SARIMA+XGB,2026-08-01,33.237146902299436,30.937011740744026,35.42035461551133,33.310241545951875,31.162077828023488,35.458405263880266
Bogra,SARIMA+XGB,2026-09-01,33.18269485951137,30.882559697955962,35.365902572723265,33.24811706662845,31.099953348699522,35.39628078455738
Bogra,SARIMA+XGB,2026-10-01,32.45617925314369,30.156044091588278,34.63938696635558,32.565315946323295,30.417152228394894,34.7134796642517
Bogra,SARIMA+XGB,2026-11-01,30.604254671996443,28.304119510441033,32.787462385208336,30.71339136517605,28.565227647257665,32.86155508309444
Bogra,SARIMA+XGB,2026-12-01,26.025080181738215,23.724945020182805,28.208287894950107,26.19319628932126,24.045032571581086,28.341360007061436
Comilla,SARIMA+SVR,2024-01-01,25.63038275985749,23.250188800051706,27.37004642918057,25.67265714544299,24.042673103607452,27.302641187278528
Comilla,SARIMA+SVR,2024-02-01,28.559527706930957,26.179333747125174,30.299191376254036,28.41023429568463,26.723049205905344,30.09741938546392
Comilla,SARIMA+SVR,2024-03-01,31.75041226498609,29.370218305180305,33.49007593430917,31.601376541410296,29.89630612622334,33.306446956597256
Comilla,SARIMA+SVR,2024-04-01,33.23655502733874,30.856361067532955,34.97621869666182,33.16119019222214,31.45044035437612,34.87194003006817
Comilla,SARIMA+SVR,2024-05-01,33.57206055244422,31.191866592638437,35.3117242217673,33.39060464636867,31.67804277383792,35.10316651889943
Comilla,SARIMA+SVR,2024-06-01,32.42237505412089,30.042181094315108,34.16203872344397,32.461643336953124,30.74850246703941,34.17478420686684
Comilla,SARIMA+SVR,2024-07-01,32.19538356124818,29.815189601442395,33.93504723057126,32.06729275919316,30.3539667967583,33.78061872162802
Comilla,SARIMA+SVR,2024-08-01,32.4563222675861,30.07612830778032,34.19598593690918,32.3942911936184,30.680906057856475,34.107676329380325
Comilla,SARIMA+SVR,2024-09-01,32.85793856244156,30.477744602635777,34.59760223176464,32.73592917378225,31.022525137123512,34.449333210441
Comilla,SARIMA+SVR,2024-10-01,32.330287504373906,29.950093544568123,34.069951173696985,32.21518147533083,30.501771456046292,33.92859149461537
Comilla,SARIMA+SVR,2024-11-01,30.28774492532173,27.907550965515945,32.02740859464481,30.22470735978559,28.51129561812262,31.93811910144856
Comilla,SARIMA+SVR,2024-12-01,26.841395299611325,24.46120133980554,28.581058968934403,26.76007991742849,25.046668221043078,28.473491613813906
Comilla,SARIMA+SVR,2025-01-01,25.603946430467957,23.223752470662173,27.343610099791036,25.516205677644276,23.79922144249583,27.23318991279272
Comilla,SARIMA+SVR,2025-02-01,28.434077286996743,26.05388332719096,30.173740956319822,28.330716464845185,26.61347245820753,30.047960471482842
Comilla,SARIMA+SVR,2025-03-01,31.697978703442338,29.317784743636555,33.43764237276542,31.565362106989113,29.8480350461082,33.282689167870025
Comilla,SARIMA+SVR,2025-04-01,33.26420805070885,30.88401409090307,35.00387172003193,33.14977547223961,31.432421855478243,34.86712908900098
Comilla,SARIMA+SVR,2025-05-01,33.529786347812106,31.149592388006322,35.269450017135185,33.39310024144854,31.675738133670738,35.110462349226346
Comilla,SARIMA+SVR,2025-06-01,32.60229887343054,30.222104913624758,34.34196254275362,32.47200474956588,30.754639927409652,34.18936957172212
Comilla,SARIMA+SVR,2025-07-01,32.21058231111954,29.830388351313754,33.95024598044262,32.08210202831982,30.36473634022306,33.79946771641657
Comilla,SARIMA+SVR,2025-08-01,32.53609181792984,30.155897858124053,34.275755487252916,32.41161557671579,30.69424961794853,34.12898153548305
Comilla,SARIMA+SVR,2025-09-01,32.8607188832754,30.48052492346962,34.60038255259848,32.75467576963898,31.037309743764094,34.47204179551386
Comilla,SARIMA+SVR,2025-10-01,32.3283442834318,29.948150323626013,34.068007952754876,32.234732284895706,30.517366298359804,33.95209827143161
Comilla,SARIMA+SVR,2025-11-01,30.321822903387776,27.941628943581993,32.061486572710855,30.244712925282123,28.52734714146224,31.962078709102006
Comilla,SARIMA+SVR,2025-12-01,26.856740389060924,24.47654642925514,28.596404058384003,26.78034263218184,25.06297750782067,28.497707756543008
Comilla,SARIMA+SVR,2026-01-01,25.62993630622828,23.249742346422497,27.36959997555136,25.536613801694518,23.8157335799072,27.257494023481836
Comilla,SARIMA+SVR,2026-02-01,28.46228098793963,26.082087028133845,30.201944657262707,28.35120681298538,26.630074878247623,30.07233874772314
Comilla,SARIMA+SVR,2026-03-01,31.715497346091933,29.33530338628615,33.455161015415015,31.585898950099804,29.864686537331796,33.307111362867815
Comilla,SARIMA+SVR,2026-04-01,33.30663732666117,30.926443366855384,35.04630099598425,33.17033860669974,31.44910046174784,34.891576751651634
Comilla,SARIMA+SVR,2026-05-01,33.5498683011973,31.169674341391516,35.28953197052038,33.4136782427867,31.69243187019138,35.13492461538202
Comilla,SARIMA+SVR,2026-06-01,32.62605992851844,30.245865968712653,34.365723597841516,32.49259115762591,30.77134215486432,34.2138401603875
Comilla,SARIMA+SVR,2026-07-01,32.23068366156703,29.850489701761244,33.97034733089011,32.10269319009965,30.381443348320033,33.82394303187927
Comilla,SARIMA+SVR,2026-08-01,32.55446379100218,30.174269831196394,34.29412746032526,32.43220942656505,30.71095932270943,34.15345953042067
Comilla,SARIMA+SVR,2026-09-01,32.88494542635365,30.50475146654787,34.62460909567673,32.77527113950152,31.05402097124252,34.496521307760524
Comilla,SARIMA+SVR,2026-10-01,32.34738396791533,29.967190008109544,34.087047637238406,32.25532851427488,30.534078386082356,33.9765786424674
Comilla,SARIMA+SVR,2026-11-01,30.343637035368893,27.96344307556311,32.08330070469197,30.26530964068918,28.544059715016232,31.986559566362125
Comilla,SARIMA+SVR,2026-12-01,26.878727945983126,24.498533986177343,28.618391615306205,26.80093962242139,25.079690354802487,28.52218889004029
Cox's Bazar,SARIMA+LSTM,2024-01-01,28.02272672776004,26.104183627134113,29.3261076995124,28.0585531401517,26.72705645710644,29.390049823196964
Cox's Bazar,SARIMA+LSTM,2024-02-01,30.1101776870474,28.191634586421472,31.413558658799758,30.150752665153565,28.759553985796817,31.541951344510313
Cox's Bazar,SARIMA+LSTM,2024-03-01,32.50813747039305,30.589594369767124,33.81151844214541,32.55377777723895,31.150828031061554,33.95672752341635
Cox's Bazar,SARIMA+LSTM,2024-04-01,33.64009214471647,31.72154904409054,34.94347311646882,33.691526335260114,32.278061972413106,35.10499069810712
Cox's Bazar,SARIMA+LSTM,2024-05-01,33.8026257419612,31.884082641335272,35.106006713713555,33.86441454929677,32.44153393512361,35.28729516346993
Cox's Bazar,SARIMA+LSTM,2024-06-01,32.181524081806366,30.262980981180437,33.48490505355872,32.226063833480325,30.794744430955713,33.65738323600493
Cox's Bazar,SARIMA+LSTM,2024-07-01,31.43695212479002,29.518409024164093,32.74033309654238,31.481029035944477,30.04214209693699,32.91991597495196
Cox's Bazar,SARIMA+LSTM,2024-08-01,31.750837412768426,29.832294312142498,33.05421838452078,31.802077356894948,30.356400557995123,33.24775415579477
Cox's Bazar,SARIMA+LSTM,2024-09-01,32.45093005975314,30.532386959127212,33.754311031505495,32.48235922542191,31.03058759290399,33.93413085793983
Cox's Bazar,SARIMA+LSTM,2024-10-01,32.942150990868456,31.023607890242527,34.24553196262082,32.97399927852349,31.51675467802123,34.43124387902576
Cox's Bazar,SARIMA+LSTM,2024-11-01,31.583699122299972,29.665156021674044,32.88708009405233,31.607142718281587,30.14498213186542,33.069303304697755
Cox's Bazar,SARIMA+LSTM,2024-12-01,28.959727889597584,27.041184788971655,30.26310886134994,28.980704922584433,27.514145076132202,30.447264769036664
Cox's Bazar,SARIMA+LSTM,2025-01-01,28.0867055035742,26.168162402948273,29.39008647532656,28.106872303864296,26.639042997611863,29.57470161011673
Cox's Bazar,SARIMA+LSTM,2025-02-01,30.17991932649072,28.26137622586479,31.483300298243076,30.19901541539803,28.728440693634038,31.66959013716202
Cox's Bazar,SARIMA+LSTM,2025-03-01,32.59556291233769,30.677019811711762,33.898943884090045,32.61343331158872,31.14000206996683,34.08686455321061
Cox's Bazar,SARIMA+LSTM,2025-04-01,33.76757350398072,31.849030403354792,35.070954475733075,33.784138630137726,32.308136849637805,35.260140410637646
Cox's Bazar,SARIMA+LSTM,2025-05-01,33.8613063219136,31.942763221287674,35.16468729366596,33.87653031007207,32.398215209066365,35.354845411077775
Cox's Bazar,SARIMA+LSTM,2025-06-01,32.255555415947164,30.337012315321235,33.55893638769952,32.269380411042164,30.78898345408087,33.74977736800346
Cox's Bazar,SARIMA+LSTM,2025-07-01,31.547658190979927,29.629115090354,32.851039162732285,31.560436820941185,30.07816640061439,33.042707241267976
Cox's Bazar,SARIMA+LSTM,2025-08-01,31.785675918735848,29.86713281810992,33.08905689048821,31.79748017516001,30.313524006022615,33.281436344297404
Cox's Bazar,SARIMA+LSTM,2025-09-01,32.50934878183206,30.59080568120613,33.81272975358442,32.52015065344334,31.03467791181225,34.00562339507443
Cox's Bazar,SARIMA+LSTM,2025-10-01,32.97948442910376,31.060941328477835,34.282865400856124,32.98964282673488,31.502806065797085,34.47647958767268
Cox's Bazar,SARIMA+LSTM,2025-11-01,31.620445978570935,29.701902877945006,32.92382695032329,31.629984201320433,30.141921067267383,33.11804733537348
Cox's Bazar,SARIMA+LSTM,2025-12-01,29.001640788068055,27.083097687442127,30.305021759820413,29.01071041097032,27.521564344747134,30.499856477193504
Cox's Bazar,SARIMA+LSTM,2026-01-01,28.133142795469897,26.21459969484397,29.436523767222255,28.141794081748763,26.650608782885968,29.63297938061156
Cox's Bazar,SARIMA+LSTM,2026-02-01,30.2258950373306,28.30735193670467,31.529276009082956,30.234156260049478,28.74175913093663,31.726553389162326
Cox's Bazar,SARIMA+LSTM,2026-03-01,32.64029532945403,30.721752228828098,33.94367630120638,32.64820130636693,31.154866062418797,34.14153655031506
Cox's Bazar,SARIMA+LSTM,2026-04-01,33.80984064240901,31.89129754178308,35.11322161416136,33.81742907093381,32.32324954857562,35.31160859329201
Cox's Bazar,SARIMA+LSTM,2026-05-01,33.90678292878228,31.98823982815635,35.21016390053464,33.91409124454924,32.419152149595455,35.409030339503026
Cox's Bazar,SARIMA+LSTM,2026-06-01,32.298469999037984,30.379926898412055,33.60185097079034,32.30553380516399,30.809911642220282,33.8011559681077
Cox's Bazar,SARIMA+LSTM,2026-07-01,31.588072317165388,29.66952921653946,32.891453288917745,31.594925646041574,30.098689555293294,33.09116173678985
Cox's Bazar,SARIMA+LSTM,2026-08-01,31.829721198062845,29.911178097436917,33.1331021698152,31.836391013814502,30.33960352512749,33.33317850250152
Cox's Bazar,SARIMA+LSTM,2026-09-01,32.55055057242424,30.632007471798314,33.8539315441766,32.55706095951279,31.059778672692605,34.05434324633298
Cox's Bazar,SARIMA+LSTM,2026-10-01,33.02144709645921,31.102903995833284,34.32482806821157,33.0278203068327,31.530094505949425,34.525546107715975
Cox's Bazar,SARIMA+LSTM,2026-11-01,31.661679814720827,29.7431367140949,32.96506078647319,31.667932340999585,30.16980954985085,33.166055132148315
Cox's Bazar,SARIMA+LSTM,2026-12-01,29.04227707647148,27.12373397584555,30.345658048223836,29.0484241023377,27.549967541437837,30.546880663237566
Faridpur,SARIMA+SVR,2024-01-01,25.09609459168224,23.096779014897653,26.897006951733605,25.038658775337716,23.263251051151656,26.814066499523776
Faridpur,SARIMA+SVR,2024-02-01,28.789564506289672,26.790248929505083,30.590476866341035,28.82236610781432,26.984702560879377,30.660029654749266
Faridpur,SARIMA+SVR,2024-03-01,33.46525953457716,31.465943957792568,35.26617189462852,33.34398988519432,31.501963996627296,35.18601577376134
Faridpur,SARIMA+SVR,2024-04-01,35.185535482140196,33.18621990535561,36.98644784219156,35.10963246614081,33.26729566176975,36.95196927051187
Faridpur,SARIMA+SVR,2024-05-01,34.454071096382556,32.45475551959797,36.25498345643392,34.427507808759145,32.585148818446285,36.269866799072005
Faridpur,SARIMA+SVR,2024-06-01,33.637346522535154,31.638030945750565,35.43825888258652,33.52643462599046,31.68407405242818,35.36879519955274
Faridpur,SARIMA+SVR,2024-07-01,32.909785485711254,30.910469908926665,34.71069784576262,32.78534876733838,30.94298808079363,34.62770945388313
Faridpur,SARIMA+SVR,2024-08-01,32.98537473374307,30.986059156958483,34.786287093794435,32.85222245510845,31.009861760546226,34.69458314967068
Faridpur,SARIMA+SVR,2024-09-01,33.22894295149176,31.22962737470717,35.02985531154312,33.07231789312502,31.229957198625566,34.91467858762447
Faridpur,SARIMA+SVR,2024-10-01,32.74557647626069,30.7462608994761,34.54648883631205,32.56706760162784,30.724706916030033,34.409428287225644
Faridpur,SARIMA+SVR,2024-11-01,30.398258360025903,28.398942783241313,32.19917072007726,30.25962291617753,28.417262355889626,32.101983476465435
Faridpur,SARIMA+SVR,2024-12-01,26.377130666597637,24.377815089813048,28.178043026649,26.301210048261982,24.4588512439645,28.143568852559465
Faridpur,SARIMA+SVR,2025-01-01,24.994051038991216,22.994735462206627,26.79496339904258,24.956004585112076,23.110925329863232,26.80108384036092
Faridpur,SARIMA+SVR,2025-02-01,28.86899931045423,26.869683733669643,30.669911670505595,28.821492694540503,26.976217705571464,30.66676768350954
Faridpur,SARIMA+SVR,2025-03-01,33.405987885702885,31.406672308918296,35.20690024575425,33.364963300418424,31.519674344057872,35.21025225677898
Faridpur,SARIMA+SVR,2025-04-01,35.16248412668413,33.16316854989954,36.96339648673549,35.13644201955298,33.29115206643866,36.9817319726673
Faridpur,SARIMA+SVR,2025-05-01,34.484478524530374,32.485162947745785,36.28539088458174,34.45587642182857,32.61058639758276,36.30116644607438
Faridpur,SARIMA+SVR,2025-06-01,33.608657153555185,31.609341576770596,35.40956951360655,33.55521972457421,31.709929695252452,35.40050975389596
Faridpur,SARIMA+SVR,2025-07-01,32.901527575841406,30.902211999056817,34.70243993589277,32.81424512541295,30.96895509573219,34.659535155093714
Faridpur,SARIMA+SVR,2025-08-01,32.99521120070762,30.995895623923033,34.796123560758986,32.881148534923334,31.03585850526219,34.72643856458448
Faridpur,SARIMA+SVR,2025-09-01,33.231240958955,31.23192538217041,35.03215331900636,33.101251912773535,31.255961883747712,34.94654194179936
Faridpur,SARIMA+SVR,2025-10-01,32.71994320758662,30.720627630802028,34.52085556763798,32.59600374231494,30.750713722217498,34.441293762412386
Faridpur,SARIMA+SVR,2025-11-01,30.383583167582636,28.384267590798046,32.184495527634,30.28855962347659,28.443269728493043,32.13384951846014
Faridpur,SARIMA+SVR,2025-12-01,26.39280394154713,24.39348836476254,28.193716301598492,26.33014690692515,24.484858765144654,28.175435048705648
Faridpur,SARIMA+SVR,2026-01-01,25.02862312683491,23.02930755005032,26.82953548688627,24.984941484210488,23.13693721580709,26.832945752613885
Faridpur,SARIMA+SVR,2026-02-01,28.88490426328427,26.88558868649968,30.685816623335633,28.85042960444074,27.00222991295017,30.698629295931312
Faridpur,SARIMA+SVR,2026-03-01,33.421676961600674,31.422361384816085,35.22258932165204,33.393900213204255,31.54568657648617,35.24211384992234
Faridpur,SARIMA+SVR,2026-04-01,35.187593641908464,33.188278065123875,36.98850600195983,35.165378933109665,33.31716430121949,37.01359356499984
Faridpur,SARIMA+SVR,2026-05-01,34.51164012763286,32.51232455084827,36.31255248768422,34.48481333559118,32.63659863268238,36.333028038499975
Faridpur,SARIMA+SVR,2026-06-01,33.633020679804275,31.633705103019686,35.43393303985564,33.584156638391825,31.73594193041514,35.43237134636851
Faridpur,SARIMA+SVR,2026-07-01,32.924577962209874,30.925262385425285,34.72549032226124,32.843182039245264,30.994967330910143,34.691396747580384
Faridpur,SARIMA+SVR,2026-08-01,33.02086627224664,31.021550695462054,34.821778632298006,32.910085448759574,31.06187074044404,34.758300157075105
Faridpur,SARIMA+SVR,2026-09-01,33.25499945302412,31.25568387623953,35.05591181307548,33.13018882661082,31.2819741189296,34.97840353429204
Faridpur,SARIMA+SVR,2026-10-01,32.74144149808843,30.74212592130384,34.54235385813979,32.62494065615251,30.776725957385544,34.47315535491948
Faridpur,SARIMA+SVR,2026-11-01,30.408337261047464,28.409021684262875,32.20924962109883,30.317496537314234,28.469281963463175,32.165711111165294
Faridpur,SARIMA+SVR,2026-12-01,26.421104812691517,24.421789235906928,28.22201717274288,26.359083820762812,24.510870997340476,28.20729664418515
Jessore,SARIMA+ANN,2024-01-01,25.58503438412334,23.616741788677643,27.167620071271074,25.655074375259865,23.835731553632076,27.474417196887654
Jessore,SARIMA+ANN,2024-02-01,29.01018318773427,27.041890592288574,30.592768874882005,29.54185661741921,27.64810639371144,31.43560684112698
Jessore,SARIMA+ANN,2024-03-01,33.88005899490109,31.911766399455395,35.462644682048825,33.9605017111243,32.060672542414366,35.86033087983424
Jessore,SARIMA+ANN,2024-04-01,36.50410877264799,34.53581617720229,38.08669445979572,36.30665266511154,34.40631697200053,38.20698835822255
Jessore,SARIMA+ANN,2024-05-01,36.06935328503103,34.10106068958533,37.65193897217876,35.984282191981144,34.08390422586953,37.88466015809276
Jessore,SARIMA+ANN,2024-06-01,34.727295104604146,32.75900250915845,36.30988079175188,34.856926606416124,32.95654511186038,36.75730810097187
Jessore,SARIMA+ANN,2024-07-01,33.59029812273179,31.622005527286092,35.17288380987952,33.68991092489767,31.789529135827824,35.590292713967514
Jessore,SARIMA+ANN,2024-08-01,33.55865417199571,31.590361576550016,35.14123985914345,33.60429318627176,31.703911372636455,35.50467499990707
Jessore,SARIMA+ANN,2024-09-01,33.64112133383204,31.672828738386343,35.223707020979774,33.82577404051727,31.925392225039282,35.72615585599525
Jessore,SARIMA+ANN,2024-10-01,32.99080426918003,31.022511673734336,34.573389956327766,33.24339512772087,31.343013314578368,35.14377694086338
Jessore,SARIMA+ANN,2024-11-01,30.68239919355163,28.714106598105932,32.26498488069936,30.878003486887263,28.977621703762598,32.778385270011924
Jessore,SARIMA+ANN,2024-12-01,26.767555712129315,24.79926311668362,28.35014139927705,27.028900520503964,25.128519097178568,28.92928194382936
Jessore,SARIMA+ANN,2025-01-01,25.39059078223039,23.422298186784694,26.973176469378124,25.728648933882358,23.823014395621307,27.63428347214341
Jessore,SARIMA+ANN,2025-02-01,29.095218494390867,27.12692589894517,30.6778041815386,29.582112342059958,27.676039629805793,31.488185054314123
Jessore,SARIMA+ANN,2025-03-01,33.61531276828771,31.647020172842012,35.19789845543544,33.99113128845362,32.085022006791625,35.89724057011562
Jessore,SARIMA+ANN,2025-04-01,36.1147873776693,34.146494782223606,37.697373064817036,36.3345011513585,34.428388817314875,38.24061348540213
Jessore,SARIMA+ANN,2025-05-01,36.00948057958106,34.04118798413536,37.59206626672879,36.011327192954276,34.10521460413151,37.91743978177704
Jessore,SARIMA+ANN,2025-06-01,34.800679923618944,32.83238732817325,36.38326561076668,34.88373947238679,32.97762686229798,36.789852082475605
Jessore,SARIMA+ANN,2025-07-01,33.61255825805658,31.644265662610884,35.195143945204315,33.716656724723975,31.810544112861553,35.6227693365864
Jessore,SARIMA+ANN,2025-08-01,33.48284060115656,31.514548005710864,35.065426288304295,33.63101961001229,31.724906998019115,35.53713222200546
Jessore,SARIMA+ANN,2025-09-01,33.7491709285749,31.780878333129202,35.33175661572263,33.85249486631112,31.946382254514184,35.758607478108054
Jessore,SARIMA+ANN,2025-10-01,33.12237702656638,31.154084431120687,34.70496271371412,33.27011433621145,31.364001726912697,35.1762269455102
Jessore,SARIMA+ANN,2025-11-01,30.734797982005645,28.76650538655995,32.31738366915338,30.9047222281226,28.99860964876561,32.810834807479594
Jessore,SARIMA+ANN,2025-12-01,26.8508873200497,24.882594724604004,28.433473007197435,27.055619126744553,25.14950690610626,28.961731347382845
Jessore,SARIMA+ANN,2026-01-01,25.45688314365887,23.488590548213175,27.039468830806605,25.7553675011216,23.84401795788909,27.66671704435411
Jessore,SARIMA+ANN,2026-02-01,29.147953972852783,27.179661377407086,30.730539660000517,29.608830898031318,27.697044494166555,31.52061730189608
Jessore,SARIMA+ANN,2026-03-01,33.64287638370664,31.674583788260946,35.22546207085438,34.01784984116958,32.106026977481164,35.92967270485799
Jessore,SARIMA+ANN,2026-04-01,36.13660883255557,34.16831623710987,37.7191945197033,36.36121970313394,34.449393796210494,38.27304561005739
Jessore,SARIMA+ANN,2026-05-01,35.97117957845477,34.00288698300908,37.55376526560251,36.03804574445799,34.12621958351886,37.94987190539712
Jessore,SARIMA+ANN,2026-06-01,34.84383823794864,32.87554564250294,36.42642392509637,34.910458023812,32.99863184167055,36.822284205953444
Jessore,SARIMA+ANN,2026-07-01,33.63906502264861,31.670772427202913,35.22165070979634,33.7433752761265,31.831549092216754,35.655201460036245
Jessore,SARIMA+ANN,2026-08-01,33.50302793466459,31.53473533921889,35.08561362181232,33.65773816140826,31.745911977368156,35.56956434544837
Jessore,SARIMA+ANN,2026-09-01,33.79869006970851,31.830397474262817,35.38127575685625,33.8792134177052,31.967387233860748,35.791039601549656
Jessore,SARIMA+ANN,2026-10-01,33.13438345007764,31.166090854631946,34.71696913722538,33.296832887604985,31.385006706251247,35.208659068958724
Jessore,SARIMA+ANN,2026-11-01,30.762073357536252,28.793780762090556,32.344659044683986,30.931440779515977,29.019614628014516,32.84326693101744
Jessore,SARIMA+ANN,2026-12-01,26.862309422537077,24.89401682709138,28.44489510968481,27.082337678137883,25.17051188428308,28.994163471992685
Khulna,SARIMA+SVR,2024-01-01,25.38121915776721,23.699369292635065,27.21774713536445,25.423287546521856,23.80532557761367,27.041249515430042
Khulna,SARIMA+SVR,2024-02-01,28.979314607838933,27.29746474270679,30.815842585436176,29.105279393206978,27.424953479395064,30.78560530701889
Khulna,SARIMA+SVR,2024-03-01,33.499166934060305,31.817317068928162,35.33569491165755,33.32217892410764,31.631685613659403,35.01267223455588
Khulna,SARIMA+SVR,2024-04-01,35.55246343261568,33.87061356748354,37.388991410212924,35.56930783461827,33.87476384344431,37.26385182579223
Khulna,SARIMA+SVR,2024-05-01,35.49821477254638,33.81636490741424,37.334742750143626,35.437693258943824,33.74051698446529,37.13486953342236
Khulna,SARIMA+SVR,2024-06-01,34.058628391065795,32.37677852593365,35.89515636866304,34.07204741873403,32.37285622207614,35.77123861539192
Khulna,SARIMA+SVR,2024-07-01,33.014463924400026,31.332614059267883,34.85099190199727,32.97362648541841,31.27282302391852,34.674429946918295
Khulna,SARIMA+SVR,2024-08-01,33.10314351097048,31.42129364583834,34.939671488567726,32.9655375187619,31.26342927914941,34.667645758374384
Khulna,SARIMA+SVR,2024-09-01,33.34252763784371,31.660677772711566,35.17905561544095,33.245874264005,31.542706996991292,34.949041531018715
Khulna,SARIMA+SVR,2024-10-01,32.78398031846158,31.102130453329437,34.62050829605882,32.76802792046154,31.064000392441887,34.4720554484812
Khulna,SARIMA+SVR,2024-11-01,30.45717600878234,28.775326143650197,32.29370398637958,30.458334976130917,28.753608464023927,32.16306148823791
Khulna,SARIMA+SVR,2024-12-01,26.469986730890724,24.78813686575858,28.306514708487967,26.4997271367957,24.79443268130622,28.205021592285178
Khulna,SARIMA+SVR,2025-01-01,25.35427399201151,23.672424126879367,27.190801969608753,25.369869214776596,23.654332885450042,27.08540554410315
Khulna,SARIMA+SVR,2025-02-01,29.068977128084242,27.3871272629521,30.905505105681485,29.058552612150457,27.341283418274077,30.775821806026837
Khulna,SARIMA+SVR,2025-03-01,33.265841949693325,31.58399208456118,35.10236992729057,33.28159932755434,31.56362726494736,34.999571390161314
Khulna,SARIMA+SVR,2025-04-01,35.56449938610674,33.882649520974596,37.40102736370398,35.53429612653257,33.81586397485152,37.25272827821362
Khulna,SARIMA+SVR,2025-05-01,35.44989134799938,33.76804148286724,37.286419325596626,35.40770742637318,33.68892212851732,37.12649272422904
Khulna,SARIMA+SVR,2025-06-01,34.116888286702306,32.43503842157016,35.95341626429955,34.04659437595887,32.327526139251546,35.76566261266619
Khulna,SARIMA+SVR,2025-07-01,33.036484189732334,31.35463432460019,34.87301216732958,32.95226067012493,31.232963271275874,34.67155806897399
Khulna,SARIMA+SVR,2025-08-01,33.034602338403886,31.352752473271742,34.87113031600113,32.947856976506436,31.22837346742825,34.667340485584624
Khulna,SARIMA+SVR,2025-09-01,33.30770916099788,31.625859295865737,35.14423713859512,33.231516527908184,31.511881769648035,34.95115128616833
Khulna,SARIMA+SVR,2025-10-01,32.80242412761099,31.120574262478847,34.63895210520823,32.75666616484855,31.03690846827758,34.476423861419526
Khulna,SARIMA+SVR,2025-11-01,30.449339858476357,28.767489993344213,32.2858678360736,30.449674519261258,28.729816899756965,32.169532138765554
Khulna,SARIMA+SVR,2025-12-01,26.46804416900953,24.786194303877387,28.304572146606773,26.493502281073404,24.77356351798463,28.213441044162177
Khulna,SARIMA+SVR,2026-01-01,25.33690495211676,23.655055086984618,27.173432929714004,25.365840396306133,23.638235933539246,27.09344485907302
Khulna,SARIMA+SVR,2026-02-01,29.04369888610267,27.361849020970528,30.880226863699914,29.056503830337626,27.328026072736204,30.784981587939047
Khulna,SARIMA+SVR,2026-03-01,33.29697757006237,31.615127704930224,35.13350554765961,33.28133582745793,31.552612604194454,35.0100590507214
Khulna,SARIMA+SVR,2026-04-01,35.56453778589273,33.88268792076059,37.401065763489974,35.53564230916219,33.80678259901852,37.264502019305866
Khulna,SARIMA+SVR,2026-05-01,35.453934567015295,33.77208470188315,37.29046254461254,35.410504964525146,33.681545465164454,37.13946446388584
Khulna,SARIMA+SVR,2026-06-01,34.111298809740866,32.42944894460872,35.94782678733811,34.0507005153762,32.321662063109976,35.77973896764242
Khulna,SARIMA+SVR,2026-07-01,33.039226981061546,31.357377115929403,34.87575495865879,32.95754669775389,31.22844449542035,34.686648900087434
Khulna,SARIMA+SVR,2026-08-01,33.04661264609827,31.364762780966124,34.88314062369551,32.95420683941417,31.225052900975445,34.68336077785289
Khulna,SARIMA+SVR,2026-09-01,33.317502862918246,31.635652997786103,35.15403084051549,33.23882558804258,31.509629611356814,34.968021564728346
Khulna,SARIMA+SVR,2026-10-01,32.80613337659614,31.124283511463993,34.64266135419338,32.764840076279,31.035609932839943,34.49407021971806
Khulna,SARIMA+SVR,2026-11-01,30.45826783788903,28.776417972756885,32.29479581548627,30.458628215853178,28.729370310492648,32.18788612121371
Khulna,SARIMA+SVR,2026-12-01,26.47653393633142,24.794684071199278,28.313061913928664,26.50315906373438,24.773878675265905,28.232439452202854
Rajshahi,SARIMA+SVR,2024-01-01,23.936303566142378,21.645803833450948,25.96864601387083,24.115676200329943,22.100871901527,26.130480499132887
Rajshahi,SARIMA+SVR,2024-02-01,28.315868791691635,26.025369059000205,30.34821123942009,28.29188880329329,26.202400616150612,30.381376990435967
Rajshahi,SARIMA+SVR,2024-03-01,33.57318292022742,31.282683187535987,35.60552536795587,33.473519723883385,31.384031536740707,35.56300791102606
Rajshahi,SARIMA+SVR,2024-04-01,36.30316694939178,34.01266721670035,38.335509397120234,36.26778506835548,34.1782968812128,38.35727325549816
Rajshahi,SARIMA+SVR,2024-05-01,35.627629942806784,33.337130210115355,37.65997239053524,35.40736239709573,33.317874209953054,37.49685058423841
Rajshahi,SARIMA+SVR,2024-06-01,35.23623120712948,32.94573147443805,37.26857365485793,35.31548703096762,33.22599884382494,37.404975218110295
Rajshahi,SARIMA+SVR,2024-07-01,34.40642309698445,32.11592336429302,36.4387655447129,34.27560535533904,32.18611716819636,36.365093542481716
Rajshahi,SARIMA+SVR,2024-08-01,34.26135561815941,31.970855885467984,36.29369806588787,34.16030202166162,32.070813834518944,36.2497902088043
Rajshahi,SARIMA+SVR,2024-09-01,34.090151422596705,31.799651689905275,36.12249387032516,33.985428873530395,31.895940686387718,36.07491706067307
Rajshahi,SARIMA+SVR,2024-10-01,32.71977422748156,30.42927449479013,34.75211667521001,32.59881615263526,30.50932796549258,34.688304339777936
Rajshahi,SARIMA+SVR,2024-11-01,29.985219700463833,27.694719967772404,32.01756214819228,30.032149930914734,27.942661743772057,32.12163811805741
Rajshahi,SARIMA+SVR,2024-12-01,25.746392035776584,23.455892303085154,27.778734483505037,25.826068463629014,23.73658028850813,27.915556638749898
Rajshahi,SARIMA+SVR,2025-01-01,23.994043389465247,21.703543656773817,26.0263858371937,24.053909582999495,21.951918246568095,26.155900919430895
Rajshahi,SARIMA+SVR,2025-02-01,28.22776519787909,25.93726546518766,30.260107645607544,28.315250959700283,26.212318526993737,30.418183392406828
Rajshahi,SARIMA+SVR,2025-03-01,33.47627657988411,31.185776847192678,35.50861902761256,33.49688188029038,31.393949447583836,35.599814312996926
Rajshahi,SARIMA+SVR,2025-04-01,36.26849416625753,33.9779944335661,38.300836613985986,36.291147224762476,34.18821479205593,38.39407965746902
Rajshahi,SARIMA+SVR,2025-05-01,35.456516855916966,33.16601712322554,37.48885930364542,35.43072455350273,33.32779212079618,37.53365698620927
Rajshahi,SARIMA+SVR,2025-06-01,35.4424157561787,33.15191602348727,37.47475820390715,35.33884918737461,33.23591675466807,37.44178162008116
Rajshahi,SARIMA+SVR,2025-07-01,34.42139115531219,32.13089142262076,36.45373360304065,34.298967511746035,32.19603507903949,36.40189994445258
Rajshahi,SARIMA+SVR,2025-08-01,34.3370133493393,32.04651361664787,36.369355797067755,34.18366417806862,32.08073174536207,36.28659661077516
Rajshahi,SARIMA+SVR,2025-09-01,34.12553589146514,31.83503615877371,36.157878339193594,34.00879102993739,31.905858597230846,36.11172346264394
Rajshahi,SARIMA+SVR,2025-10-01,32.67722980331756,30.38673007062613,34.70957225104601,32.622178309042255,30.51924587633571,34.7251107417488
Rajshahi,SARIMA+SVR,2025-11-01,30.05136219448877,27.76086246179734,32.08370464221723,30.055512087321727,27.95257965461518,32.15844452002827
Rajshahi,SARIMA+SVR,2025-12-01,25.777460649588438,23.486960916897008,27.80980309731689,25.849430620036006,23.7464981992744,27.952363040797614
Rajshahi,SARIMA+SVR,2026-01-01,23.988003045164376,21.697503312472946,26.02034549289283,24.077271739406488,21.961915620273604,26.19262785853937
Rajshahi,SARIMA+SVR,2026-02-01,28.262337152019285,25.971837419327855,30.294679599747738,28.338613116107275,26.22232184389323,30.45490438832132
Rajshahi,SARIMA+SVR,2026-03-01,33.47112053136101,31.18062079866958,35.50346297908946,33.52024403669738,31.403952764483332,35.63653530891142
Rajshahi,SARIMA+SVR,2026-04-01,36.31515358810469,34.02465385541326,38.347496035833146,36.31450938116947,34.19821810895543,38.430800653383514
Rajshahi,SARIMA+SVR,2026-05-01,35.49584961245015,33.20534987975872,37.528192060178604,35.454086709909724,33.33779543769568,37.570377982123766
Rajshahi,SARIMA+SVR,2026-06-01,35.451763827248854,33.161264094557424,37.48410627497731,35.36221134378161,33.24592007156757,37.47850261599565
Rajshahi,SARIMA+SVR,2026-07-01,34.4522099441693,32.16171021147787,36.48455239189775,34.32232966815303,32.20603839593899,36.43862094036707
Rajshahi,SARIMA+SVR,2026-08-01,34.347986988911735,32.057487256220305,36.38032943664019,34.207026334475614,32.09073506226157,36.323317606689656
Rajshahi,SARIMA+SVR,2026-09-01,34.153237071241286,31.862737338549856,36.18557951896974,34.03215318634439,31.915861914130343,36.14844445855843
Rajshahi,SARIMA+SVR,2026-10-01,32.70675322315594,30.416253490464513,34.739095670884396,32.64554046544925,30.529249193235206,34.76183173766329
Rajshahi,SARIMA+SVR,2026-11-01,30.066762746902278,27.776263014210848,32.09910519463073,30.07887424372872,27.962582971514674,32.19516551594276
Rajshahi,SARIMA+SVR,2026-12-01,25.804368070532096,23.513868337840666,27.83671051826055,25.872792776443,23.756501516098492,27.989084036787506
Rangamati,SARIMA+XGB,2024-01-01,26.85355579061418,24.67050493955479,28.733543618512364,26.919721841346316,25.14657759490967,28.692866087782964
Rangamati,SARIMA+XGB,2024-02-01,29.857517980156977,27.674467129097586,31.73750580805516,29.93864371639355,28.089840379606233,31.787447053180866
Rangamati,SARIMA+XGB,2024-03-01,33.41759895750764,31.23454810644825,35.29758678540583,33.46305604496482,31.58518479411911,35.34092729581053
Rangamati,SARIMA+XGB,2024-04-01,34.48057769665179,32.2975268455924,36.360565524549976,34.56011117675958,32.6708725892291,36.449349764290055
Rangamati,SARIMA+XGB,2024-05-01,34.06290716692131,31.87985631586192,35.9428949948195,34.03957010819834,32.14585680625794,35.93328341013874
Rangamati,SARIMA+XGB,2024-06-01,32.62608806820359,30.4430372171442,34.50607589610178,32.66902923615422,30.773550049301207,34.56450842300724
Rangamati,SARIMA+XGB,2024-07-01,32.08737039763672,29.904319546577327,33.9673582255349,32.13581174437148,30.239635145664952,34.031988343078005
Rangamati,SARIMA+XGB,2024-08-01,32.47637434631578,30.293323495256388,34.35636217421396,32.52481569305054,30.62836397424359,34.42126741185749
Rangamati,SARIMA+XGB,2024-09-01,32.91279046962174,30.72973961856235,34.792778297519924,32.978956520353876,31.08239731963616,34.875515721071594
Rangamati,SARIMA+XGB,2024-10-01,32.56172431032579,30.378673459266402,34.44171213822398,32.62789036105793,30.731291869826403,34.52448885228945
Rangamati,SARIMA+XGB,2024-11-01,30.352316190733575,28.169265339674183,32.23230401863176,30.41848224146571,28.52187630340637,32.31508817952505
Rangamati,SARIMA+XGB,2024-12-01,27.44231043958215,25.25925958852276,29.322298267480335,27.508476490314287,25.611888060393095,29.40506492023548
Rangamati,SARIMA+XGB,2025-01-01,26.906948166081328,24.723897315021937,28.78693599397951,26.973114216813464,25.076405070485805,28.869823363141123
Rangamati,SARIMA+XGB,2025-02-01,29.919072698378272,27.73602184731888,31.799060526276456,29.985238749110408,28.088488349782573,31.881989148438244
Rangamati,SARIMA+XGB,2025-03-01,33.43921131509328,31.25616046403389,35.319199142991465,33.50537736582542,31.608610664055206,35.40214406759563
Rangamati,SARIMA+XGB,2025-04-01,34.52021199499472,32.337161143935326,36.4001998228929,34.5997454751025,32.70297234113103,36.49651860907397
Rangamati,SARIMA+XGB,2025-05-01,33.99798150743349,31.814930656374095,35.87796933533167,34.07751498754127,32.18073934174301,35.97429063333953
Rangamati,SARIMA+XGB,2025-06-01,32.65747057574437,30.474419724684978,34.53745840364255,32.70591192247913,30.8091353617788,34.60268848317946
Rangamati,SARIMA+XGB,2025-07-01,32.12358524844685,29.94053439738746,34.003573076345035,32.17202659518161,30.27524987021846,34.06880332014477
Rangamati,SARIMA+XGB,2025-08-01,32.512169307080285,30.329118456020893,34.39215713497847,32.56061065381505,30.663834363285165,34.457386944344925
Rangamati,SARIMA+XGB,2025-09-01,32.948321431772044,30.765270580712652,34.82830925967023,33.01448748250418,31.117712626955093,34.91126233805327
Rangamati,SARIMA+XGB,2025-10-01,32.59708928790698,30.41403843684759,34.477077115805166,32.66325533863912,30.76648424598038,34.56002643129786
Rangamati,SARIMA+XGB,2025-11-01,30.38757680838368,28.20452595732429,32.26756463628186,30.453742859115817,28.556981337962583,32.35050438026905
Rangamati,SARIMA+XGB,2025-12-01,27.477505442728003,25.29445459166861,29.357493270626186,27.54367149346014,25.646934206274512,29.440408780645765
Rangamati,SARIMA+XGB,2026-01-01,26.94210191524087,24.759051064181477,28.822089743139053,27.008267965973005,25.111471972302137,28.905063959643872
Rangamati,SARIMA+XGB,2026-02-01,29.954200509806427,27.771149658747035,31.83418833770461,30.020366560538562,28.123541172973017,31.917191948104108
Rangamati,SARIMA+XGB,2026-03-01,33.4743228186208,31.291271967561407,35.35431064651898,33.540488869352934,31.64365186718483,35.43732587152104
Rangamati,SARIMA+XGB,2026-04-01,34.555313245211366,32.372262394151974,36.43530107310955,34.63484672531915,32.73800514405609,36.53168830658221
Rangamati,SARIMA+XGB,2026-05-01,34.03307631105801,31.85002545999862,35.913064138956194,34.112609791165795,32.215766430613776,36.009453151717814
Rangamati,SARIMA+XGB,2026-06-01,32.69256132618544,30.50951047512605,34.572549154083625,32.7410026729202,30.84415868703862,34.637846658801784
Rangamati,SARIMA+XGB,2026-07-01,32.158673450518826,29.975622599459435,34.03866127841701,32.20711479725359,30.310270761571534,34.10395883293564
Rangamati,SARIMA+XGB,2026-08-01,32.54725590690921,30.364205055849816,34.42724373480739,32.59569725364397,30.698853697624994,34.49254080966295
Rangamati,SARIMA+XGB,2026-09-01,32.983407024218316,30.800356173158924,34.8633948521165,33.04957307495045,31.15273097174705,34.94641517815385
Rangamati,SARIMA+XGB,2026-10-01,32.63217424697881,30.449123395919422,34.512162074877,32.69834029771095,30.801501964334797,34.5951786310871
Rangamati,SARIMA+XGB,2026-11-01,30.42266136923227,28.239610518172878,32.30264919713045,30.488827419964405,28.591998660549393,32.38565617937942
Rangamati,SARIMA+XGB,2026-12-01,27.512589753200608,25.329538902141216,29.39257758109879,27.578755803932744,25.68195127873116,29.47556032913433
Rangpur,SARIMA+XGB,2024-01-01,24.068040177590568,21.95750114104332,26.560512448152313,24.066949396293033,21.954109335300622,26.179789457285445
Rangpur,SARIMA+XGB,2024-02-01,27.4385280218645,25.32798898531725,29.931000292426244,27.370937606386747,25.14736268497365,29.594512527799843
Rangpur,SARIMA+XGB,2024-03-01,31.50455642981999,29.39401739327274,33.99702870038173,31.40651987983458,29.163674214346585,33.649365545322574
Rangpur,SARIMA+XGB,2024-04-01,32.1628702189003,30.052331182353054,34.65534248946204,32.3380977566515,30.088001617254783,34.58819389604822
Rangpur,SARIMA+XGB,2024-05-01,32.891912456407695,30.781373419860447,35.384384726969444,32.766333933725505,30.51136547399282,35.021302393458186
Rangpur,SARIMA+XGB,2024-06-01,33.25074852676412,31.140209490216872,35.74322079732586,33.303066704881395,31.04385120421833,35.56228220554446
Rangpur,SARIMA+XGB,2024-07-01,33.46160650020425,31.351067463657,35.95407877076599,33.39192587649409,31.12867244692875,35.65517930605944
Rangpur,SARIMA+XGB,2024-08-01,33.98929741911291,31.87875838256566,36.48176968967465,33.75642493299841,31.489231778114956,36.02361808788186
Rangpur,SARIMA+XGB,2024-09-01,33.142914706895056,31.032375670347808,35.635386977456804,33.050483891794386,30.77941810549779,35.32154967809098
Rangpur,SARIMA+XGB,2024-10-01,32.29431393489298,30.183774898345735,34.78678620545473,32.22017478689608,29.94529418766262,34.49505538612954
Rangpur,SARIMA+XGB,2024-11-01,29.972892530491098,27.86235349394385,32.46536480105284,29.896668359865888,27.61802755499605,32.17530916473572
Rangpur,SARIMA+XGB,2024-12-01,26.0259589630114,23.915419926464153,28.518431233573146,26.072368834440606,23.790021030184874,28.35471663869634
Rangpur,SARIMA+XGB,2025-01-01,23.89823686660772,21.787697830060473,26.390709137169466,23.88743111075407,21.604227472906853,26.170634748601284
Rangpur,SARIMA+XGB,2025-02-01,27.2549644292853,25.144425392738054,29.747436699847047,27.366801861073746,25.08111325299177,29.652490469155723
Rangpur,SARIMA+XGB,2025-03-01,31.23933446600335,29.1287954294561,33.73180673656509,31.32157168730395,29.032820847687322,33.61032252692058
Rangpur,SARIMA+XGB,2025-04-01,32.70457757211235,30.5940385355651,35.19704984267409,32.544070295458106,30.252116892428564,34.83602369848765
Rangpur,SARIMA+XGB,2025-05-01,33.000516026684906,30.889976990137658,35.492988297246654,32.917584321865704,30.622420762050766,35.21274788168064
Rangpur,SARIMA+XGB,2025-06-01,33.25947576206846,31.148936725521214,35.75194803263021,33.35281283599062,31.054468938185373,35.651156733795865
Rangpur,SARIMA+XGB,2025-07-01,33.536564020906816,31.426024984359568,36.02903629146856,33.46962798247231,31.16814357818827,35.77111238675635
Rangpur,SARIMA+XGB,2025-08-01,33.73499595048731,31.62445691394006,36.22746822104905,33.72409278946822,31.41951002658623,36.028675552350215
Rangpur,SARIMA+XGB,2025-09-01,33.120748875918466,31.010209839371218,35.613221146480214,33.152517212810594,30.844878412254868,35.460156013366316
Rangpur,SARIMA+XGB,2025-10-01,32.19774149482708,30.08720245827983,34.69021376538882,32.18385224913816,29.873199312784973,34.49450518549135
Rangpur,SARIMA+XGB,2025-11-01,30.015309718874086,27.904770682326838,32.50778198943583,30.030152138759185,27.716526390987145,32.34377788653123
Rangpur,SARIMA+XGB,2025-12-01,26.13584984960519,24.025310813057942,28.628322120166935,26.153259997540342,23.836702231474565,28.46981776360612
Rangpur,SARIMA+XGB,2026-01-01,24.04970987874359,21.939170842196344,26.542182149305336,23.916604451716843,21.58065241055578,26.252556492877908
Rangpur,SARIMA+XGB,2026-02-01,27.497922014342294,25.387382977795045,29.99039428490404,27.375697936759934,25.03315406939879,29.718241804121078
Rangpur,SARIMA+XGB,2026-03-01,31.441305657165074,29.330766620617826,33.93377792772682,31.339724918143773,28.993002386170115,33.68644745011743
Rangpur,SARIMA+XGB,2026-04-01,32.66337701485408,30.55283797830683,35.155849285415826,32.52862776623023,30.178340100561996,34.87891543189846
Rangpur,SARIMA+XGB,2026-05-01,32.85024115279412,30.73970211624687,35.34271342335586,32.908391991854664,30.554736243137498,35.26204774057183
Rangpur,SARIMA+XGB,2026-06-01,33.28732522892229,31.176786192375044,35.77979749948403,33.3552640931534,30.998327429891063,35.71220075641574
Rangpur,SARIMA+XGB,2026-07-01,33.40878382737821,31.29824479083096,35.90125609793995,33.468799055023844,31.108638038282194,35.82896007176549
Rangpur,SARIMA+XGB,2026-08-01,33.72911858401755,31.6185795474703,36.22159085457929,33.735891502644215,31.37255370830399,36.09922929698444
Rangpur,SARIMA+XGB,2026-09-01,33.25956487232046,31.149025835773212,35.7520371428822,33.14876960539417,30.782299622317456,35.515239588470884
Rangpur,SARIMA+XGB,2026-10-01,32.25529702797143,30.144757991424182,34.74776929853317,32.19599789797871,29.82643900341265,34.56555679254477
Rangpur,SARIMA+XGB,2026-11-01,30.01158880413657,27.90104976758932,32.50406107469831,30.022666562992686,27.650061195760106,32.39527193022526
Rangpur,SARIMA+XGB,2026-12-01,26.114100727085887,24.00356169053864,28.606572997647632,26.151781621222316,23.776171602502934,28.527391639941698
Sylhet,SARIMA+SVR,2024-01-01,26.229491822598867,23.60870513733655,28.800120350501484,26.557579903297363,24.52917209660759,28.585987709987137
Sylhet,SARIMA+SVR,2024-02-01,29.105688183761877,26.48490149849956,31.676316711664494,29.164154364714673,27.103371618983793,31.224937110445552
Sylhet,SARIMA+SVR,2024-03-01,32.03633362845547,29.415546943193156,34.606962156358094,32.24937863272391,30.182588566706272,34.31616869874155
Sylhet,SARIMA+SVR,2024-04-01,32.36655799283352,29.745771307571204,34.937186520736134,32.26336899785569,30.196578931838054,34.33015906387333
Sylhet,SARIMA+SVR,2024-05-01,32.34432753640596,29.723540851143646,34.91495606430858,32.20024313672826,30.133453070710623,34.2670332027459
Sylhet,SARIMA+SVR,2024-06-01,32.557730362316654,29.936943677054337,35.128358890219275,32.55411905716304,30.487328991145404,34.62090912318068
Sylhet,SARIMA+SVR,2024-07-01,33.046516061755895,30.425729376493578,35.61714458965851,32.895477577720136,30.828687511702498,34.962267643737775
Sylhet,SARIMA+SVR,2024-08-01,33.45706225632899,30.836275571066672,36.02769078423161,33.467291595913906,31.400501529896268,35.534081661931545
Sylhet,SARIMA+SVR,2024-09-01,33.11910523456139,30.49831854929907,35.689733762464,32.97575380747158,30.908963741453938,35.042543873489215
Sylhet,SARIMA+SVR,2024-10-01,32.74351170906514,30.122725023802822,35.31414023696776,32.780290213755904,30.713500147738266,34.84708027977354
Sylhet,SARIMA+SVR,2024-11-01,30.525133791938014,27.904347106675697,33.09576231984063,30.63326369297321,28.566473957290352,32.70005342865607
Sylhet,SARIMA+SVR,2024-12-01,27.522336809723384,24.901550124461068,30.092965337626,27.630893539972494,25.564105567993657,29.69768151195133
Sylhet,SARIMA+SVR,2025-01-01,26.443525486955252,23.822738801692935,29.01415401485787,26.559188956576428,24.483585002481533,28.634792910671322
Sylhet,SARIMA+SVR,2025-02-01,29.077726987791824,26.456940302529507,31.64835551569444,29.084448300574124,27.00855954676443,31.160337054383817
Sylhet,SARIMA+SVR,2025-03-01,32.26276263648839,29.641975951226073,34.833391164391,32.23014942687168,30.15420733547041,34.30609151827294
Sylhet,SARIMA+SVR,2025-04-01,32.49960542657279,29.878818741310475,35.07023395447541,32.39950772769276,30.32356563629149,34.475449819094024
Sylhet,SARIMA+SVR,2025-05-01,32.462431051247655,29.84164436598534,35.033059579150276,32.301595337681896,30.22565324628063,34.37753742908316
Sylhet,SARIMA+SVR,2025-06-01,32.579683796212116,29.9588971109498,35.150312324114736,32.406818870849406,30.33087677944814,34.48276096225067
Sylhet,SARIMA+SVR,2025-07-01,33.240258102972156,30.61947141770984,35.810886630874776,33.030191771452515,30.954249680051248,35.10613386285378
Sylhet,SARIMA+SVR,2025-08-01,33.58591811660468,30.965131431342364,36.1565466445073,33.425783689109146,31.34984159770788,35.50172578051041
Sylhet,SARIMA+SVR,2025-09-01,33.269677904396794,30.648891219134477,35.840306432299414,33.173516652831424,31.097574561430157,35.24945874423269
Sylhet,SARIMA+SVR,2025-10-01,32.691352356135496,30.07056567087318,35.26198088403811,32.7050077698161,30.629065678414833,34.780949861217366
Sylhet,SARIMA+SVR,2025-11-01,30.624619024013683,28.003832338751366,33.195247551916296,30.72924292135074,28.653301071399206,32.80518477130227
Sylhet,SARIMA+SVR,2025-12-01,27.534199318779677,24.91341263351736,30.104827846682294,27.655970927256593,25.580030366439072,29.731911488074115
Sylhet,SARIMA+SVR,2026-01-01,26.513773592200103,23.892986906937786,29.08440212010272,26.606065200623174,24.530042367158472,28.682088034087876
Sylhet,SARIMA+SVR,2026-02-01,29.121607272349664,26.500820587087347,31.69223580025228,29.142119592587317,27.0660928228668,31.218146362307834
Sylhet,SARIMA+SVR,2026-03-01,32.251688718920754,29.630902033658437,34.822317246823374,32.20840045689825,30.13237294993232,34.284427963864175
Sylhet,SARIMA+SVR,2026-04-01,32.57658264377325,29.955795958510933,35.14721117167586,32.484041254861005,30.40801374789508,34.56006876182693
Sylhet,SARIMA+SVR,2026-05-01,32.53665283346628,29.91586614820396,35.10728136136889,32.396377199829146,30.32034969286322,34.472404706795075
Sylhet,SARIMA+SVR,2026-06-01,32.62341172615269,30.002625040890372,35.19404025405531,32.445562604668154,30.36953509770223,34.521590111634076
Sylhet,SARIMA+SVR,2026-07-01,33.27790116746545,30.657114482203134,35.84852969536807,33.076509014472805,31.00048150750688,35.15253652143873
Sylhet,SARIMA+SVR,2026-08-01,33.58064692960576,30.959860244343446,36.151275457508376,33.40784176383095,31.331814256865027,35.48386927079687
Sylhet,SARIMA+SVR,2026-09-01,33.36146517981554,30.740678494553222,35.93209370771815,33.26902826102872,31.193000754062798,35.34505576799465
Sylhet,SARIMA+SVR,2026-10-01,32.701134040743625,30.080347355481308,35.27176256864624,32.715757278314804,30.63972977134888,34.79178478528073
Sylhet,SARIMA+SVR,2026-11-01,30.670617812626137,28.04983112736382,33.241246340528754,30.77202386212188,28.695996579666094,32.84805114457767
Sylhet,SARIMA+SVR,2026-12-01,27.571642111084717,24.9508554258224,30.142270638987334,27.697274649563624,25.621248565798957,29.77330073332829
Srimongal,SARIMA+LSTM,2024-01-01,26.181722313286627,24.316701778570916,28.02618765084152,25.896786627854244,23.98610265448607,27.807470601222416
Srimongal,SARIMA+LSTM,2024-02-01,29.229928873291634,27.364908338575923,31.074394210846528,28.9652230585262,27.028752470292176,30.901693646760222
Srimongal,SARIMA+LSTM,2024-03-01,32.71460122801545,30.849580693299735,34.55906656557034,32.46258076648567,30.50967023826329,34.415491294708055
Srimongal,SARIMA+LSTM,2024-04-01,33.870528828144145,32.005508293428434,35.71499416569904,33.58304545070075,31.61961176462735,35.54647913677415
Srimongal,SARIMA+LSTM,2024-05-01,33.320114504826805,31.455093970111093,35.1645798423817,33.07560650526076,31.105420088711146,35.04579292181037
Srimongal,SARIMA+LSTM,2024-06-01,33.07903489920708,31.21401436449137,34.923500236761974,32.86702683778485,30.8925003372156,34.841553338354096
Srimongal,SARIMA+LSTM,2024-07-01,33.34472672018204,31.479706185466327,35.18919205773693,33.13432478121633,31.157006073305993,35.111643489126664
Srimongal,SARIMA+LSTM,2024-08-01,33.54359183911089,31.678571304395177,35.38805717666578,33.35744919092794,31.378333023231264,35.33656535862461
Srimongal,SARIMA+LSTM,2024-09-01,33.482569006270744,31.617548471555033,35.32703434382564,33.27001313126117,31.289739503078724,35.25028675944362
Srimongal,SARIMA+LSTM,2024-10-01,32.52308350883045,30.658062974114742,34.36754884638535,32.35059457606725,30.369575595150117,34.33161355698439
Srimongal,SARIMA+LSTM,2024-11-01,30.434438816585143,28.56941828186943,32.27890415414004,30.248637774429586,28.26713902213737,32.2301365267218
Srimongal,SARIMA+LSTM,2024-12-01,27.181478224405005,25.316457689689294,29.0259435619599,27.004181928387982,25.022374762706605,28.98598909406936
Srimongal,SARIMA+LSTM,2025-01-01,25.8416640930372,23.976643558321488,27.686129430592093,25.667600614845224,23.681875953484365,27.653325276206083
Srimongal,SARIMA+LSTM,2025-02-01,28.95362205211042,27.088601517394707,30.798087389665312,28.78537209610169,26.799272272967364,30.771471919236014
Srimongal,SARIMA+LSTM,2025-03-01,32.485489162484406,30.620468627768695,34.3299545000393,32.32233746113658,30.335995884762077,34.30867903751108
Srimongal,SARIMA+LSTM,2025-04-01,33.633110716118296,31.768090181402584,35.47757605367319,33.47460035940874,31.488103002403097,35.46109771641438
Srimongal,SARIMA+LSTM,2025-05-01,33.14580017966423,31.280779644948517,34.99026551721912,32.99268997313838,31.006092251190648,34.97928769508612
Srimongal,SARIMA+LSTM,2025-06-01,32.95365412894276,31.088633594227048,34.79811946649765,32.804605398000284,30.817943043919414,34.791267752081154
Srimongal,SARIMA+LSTM,2025-07-01,33.234219259094324,31.369198724378613,35.07868459664922,33.08835741575473,31.10165348882402,35.07506134268544
Srimongal,SARIMA+LSTM,2025-08-01,33.467372824880606,31.602352290164895,35.3118381624355,33.324691649426306,31.33796105772712,35.31142224112549
Srimongal,SARIMA+LSTM,2025-09-01,33.38796704467871,31.522946509963,35.232432382233604,33.24786083230483,31.261113256035905,35.234608408573756
Srimongal,SARIMA+LSTM,2025-10-01,32.47378729704811,30.6087667623324,34.318252634603006,32.33695648364275,30.3501982731326,34.323714694152905
Srimongal,SARIMA+LSTM,2025-11-01,30.376482356254463,28.511461821538752,32.22094769380936,30.24183514216145,28.255070562913627,32.228599721409275
Srimongal,SARIMA+LSTM,2025-12-01,27.13495265570491,25.2699321209892,28.979417993259805,27.00286700837752,25.016099077332647,28.989634939422395
Srimongal,SARIMA+LSTM,2026-01-01,25.800474789631355,23.935454254915644,27.64494012718625,25.67069139469025,23.681418372851457,27.659964416529046
Srimongal,SARIMA+LSTM,2026-02-01,28.91959060909241,27.0545700743767,30.764055946647304,28.791999903820123,26.802638171754538,30.78136163588571
Srimongal,SARIMA+LSTM,2026-03-01,32.457384245122036,30.592363710406325,34.30184958267693,32.331804900828956,30.342386008366162,34.32122379329175
Srimongal,SARIMA+LSTM,2026-04-01,33.61007006012139,31.745049525405676,35.45453539767628,33.48634754074751,31.496891829622783,35.475803251872236
Srimongal,SARIMA+LSTM,2026-05-01,33.12827088451107,31.263250349795356,34.97273622206596,33.00626739938987,31.016787992426387,34.99574680635335
Srimongal,SARIMA+LSTM,2026-06-01,32.94009070820494,31.07507017348923,34.784556045759835,32.81965219971624,30.830157573999024,34.80914682543345
Srimongal,SARIMA+LSTM,2026-07-01,33.223569841340165,31.358549306624454,35.06803517889506,33.1045838761276,31.115079525089758,35.09408822716544
Srimongal,SARIMA+LSTM,2026-08-01,33.45948997906176,31.594469444346046,35.30395531661665,33.341865175120795,31.352354685574742,35.331375664666844
Srimongal,SARIMA+LSTM,2026-09-01,33.382149715094926,31.517129180379214,35.22661505264982,33.265794690421046,31.276280445758015,35.255308935084074
Srimongal,SARIMA+LSTM,2026-10-01,32.47066303362956,30.605642498913852,34.31512837118446,32.35550075941267,30.365984406859496,34.345017111965845
Srimongal,SARIMA+LSTM,2026-11-01,30.374934691239435,28.509914156523724,32.219400028794325,30.260869479516675,28.27135225306513,32.250386705968225
Srimongal,SARIMA+LSTM,2026-12-01,27.135327998902905,25.270307464187194,28.9797933364578,27.022294781859532,25.032777744181224,29.01181181953784
Bhola,SARIMA+SVR,2024-01-01,26.16214027225366,24.748766463208508,27.93988450732143,26.125473655835354,24.64044867073664,27.61049864093407
Bhola,SARIMA+SVR,2024-02-01,29.318687090378234,27.905313281333083,31.096431325446005,29.271459488505467,27.741319212113055,30.80159976489788
Bhola,SARIMA+SVR,2024-03-01,32.859993893539716,31.446620084494565,34.63773812860749,32.70139387536269,31.15417051857346,34.24861723215192
Bhola,SARIMA+SVR,2024-04-01,34.077503687811465,32.66412987876632,35.85524792287924,33.95136351628782,32.3975884660354,35.50513856654024
Bhola,SARIMA+SVR,2024-05-01,33.983817999761726,32.57044419071657,35.7615622348295,33.812517262565684,32.25621760188312,35.36881692324825
Bhola,SARIMA+SVR,2024-06-01,32.81018484759661,31.39681103855146,34.58792908266438,32.687750356017105,31.130476118917013,34.2450245931172
Bhola,SARIMA+SVR,2024-07-01,32.0180167137834,30.604642904738252,33.795760948851175,31.941041680696845,30.383390968687216,33.498692392706474
Bhola,SARIMA+SVR,2024-08-01,32.2452142332054,30.83184042416025,34.022958468273174,32.1421855892524,30.58438941077444,33.69998176773036
Bhola,SARIMA+SVR,2024-09-01,32.57608546376898,31.162711654723832,34.353829698836755,32.510252545083524,30.95240016164696,34.06810492852009
Bhola,SARIMA+SVR,2024-10-01,32.497201047787826,31.083827238742675,34.2749452828556,32.47349231455955,30.91561823395112,34.03136639516798
Bhola,SARIMA+SVR,2024-11-01,30.484899790366953,29.071525981321802,32.262644025434724,30.514668044612126,28.956785639777163,32.072550449447085
Bhola,SARIMA+SVR,2024-12-01,26.982043571575097,25.568669762529947,28.75978780664287,27.046675462125638,25.488789997834353,28.604560926416923
Bhola,SARIMA+SVR,2025-01-01,25.94660788433602,24.53323407529087,27.724352119403793,25.971165307995566,24.408658703363432,27.5336719126277
Bhola,SARIMA+SVR,2025-02-01,29.222595069410023,27.809221260364872,31.000339304477794,29.184457321396295,27.62165167382383,30.74726296896876
Bhola,SARIMA+SVR,2025-03-01,32.73814286745519,31.324769058410038,34.51588710252296,32.65623347416124,31.093312272332145,34.21915467599034
Bhola,SARIMA+SVR,2025-04-01,34.041227265628784,32.62785345658364,35.818971500696556,33.932214595091224,32.36924873795868,35.49518045222377
Bhola,SARIMA+SVR,2025-05-01,33.928596170889186,32.51522236184404,35.70634040595696,33.80953871748406,32.246555603185755,35.372521831782365
Bhola,SARIMA+SVR,2025-06-01,32.818438818828575,31.405065009783424,34.59618305389635,32.694824336345455,31.131834553331636,34.257814119359274
Bhola,SARIMA+SVR,2025-07-01,32.06789441908121,30.654520610036062,33.845638654148985,31.95436494467819,30.39137258580097,33.517357303555414
Bhola,SARIMA+SVR,2025-08-01,32.23556030472077,30.82218649567562,34.01330453978854,32.15939380199865,30.59640045114468,33.72238715285261
Bhola,SARIMA+SVR,2025-09-01,32.550571985580966,31.137198176535815,34.32831622064874,32.529875886946,30.966882161792302,34.092869612099705
Bhola,SARIMA+SVR,2025-10-01,32.45259790039072,31.03922409134557,34.23034213545849,32.494617052965715,30.931623206612816,34.05761089931861
Bhola,SARIMA+SVR,2025-11-01,30.451933913008727,29.038560103963576,32.2296781480765,30.53672614577984,28.973732313277605,32.09971997828208
Bhola,SARIMA+SVR,2025-12-01,26.988300639364105,25.574926830318955,28.766044874431877,27.069313800438763,25.50632013032798,28.63230747054955
Bhola,SARIMA+SVR,2026-01-01,25.95837123235712,24.54499742331197,27.73611546742489,25.99416435830491,24.42670248200132,27.5616262346085
Bhola,SARIMA+SVR,2026-02-01,29.231355274016906,27.817981464971755,31.009099509084677,29.207680613027048,27.639942209354036,30.77541901670006
Bhola,SARIMA+SVR,2026-03-01,32.75202381877567,31.338650009730518,34.52976805384344,32.67959616833683,31.111750909623552,34.247441427050106
Bhola,SARIMA+SVR,2026-04-01,34.058061516312655,32.64468770726751,35.83580575138043,33.95566395067866,32.38777739826615,35.52355050309117
Bhola,SARIMA+SVR,2026-05-01,33.951127122488046,32.53775331344289,35.72887135755582,33.8330419472695,32.26513943678237,35.40094445775663
Bhola,SARIMA+SVR,2026-06-01,32.83958519933612,31.42621139029097,34.61732943440389,32.718361057729396,31.150452380570776,34.286269734888016
Bhola,SARIMA+SVR,2026-07-01,32.08440370714283,30.671029898097682,33.862147942210605,31.977922486551552,30.41001142754658,33.545833545556526
Bhola,SARIMA+SVR,2026-08-01,32.25178054195001,30.83840673290486,34.029524777017784,32.18296428720107,30.615052311188983,33.75087626321315
Bhola,SARIMA+SVR,2026-09-01,32.564241649750684,31.150867840705533,34.341985884818456,32.553454418537896,30.985542097170754,34.12136673990504
Bhola,SARIMA+SVR,2026-10-01,32.466937806286516,31.053563997241366,34.24468204135429,32.51820058670067,30.950288155246852,34.08611301815449
Bhola,SARIMA+SVR,2026-11-01,30.470334605503254,29.056960796458103,32.248078840571026,30.560312789162335,28.992400375663387,32.128225202661284
Bhola,SARIMA+SVR,2026-12-01,27.008237618709362,25.59486380966421,28.785981853777134,27.09290237697424,25.524990126960247,28.660814626988234
Mymensingh,SARIMA+LSTM,2024-01-01,24.70439467018869,22.931011990607345,26.87593294662083,24.331187637602426,22.493900835358513,26.16847443984634
Mymensingh,SARIMA+LSTM,2024-02-01,27.558210526733774,25.784827847152428,29.72974880316591,27.181395878663913,25.28735460476923,29.075437152558596
Mymensingh,SARIMA+LSTM,2024-03-01,31.188001410210994,29.41461873062965,33.35953968664313,30.82146302666508,28.924627991527416,32.71829806180274
Mymensingh,SARIMA+LSTM,2024-04-01,32.34245182085175,30.569069141270404,34.51399009728389,31.95613206501325,30.058113988120063,33.85415014190644
Mymensingh,SARIMA+LSTM,2024-05-01,32.53826123313379,30.764878553552442,34.709799509565926,32.211815136375556,30.313684717933167,34.10994555481794
Mymensingh,SARIMA+LSTM,2024-06-01,32.34150771899747,30.568125039416124,34.51304599542961,32.02865604539103,30.130496663611137,33.92681542717092
Mymensingh,SARIMA+LSTM,2024-07-01,32.47728153238044,30.703898852799092,34.648819808812576,32.17277539145563,30.27461228025271,34.07093850265855
Mymensingh,SARIMA+LSTM,2024-08-01,32.76713775066651,30.99375507108516,34.938676027098644,32.49137107096007,30.593207190057228,34.38953495186291
Mymensingh,SARIMA+LSTM,2024-09-01,32.65446087588721,30.881078196305864,34.82599915231935,32.37205831584107,30.473894320326945,34.270222311355205
Mymensingh,SARIMA+LSTM,2024-10-01,32.17834330735963,30.404960627778287,34.34988158379177,31.91865906901637,30.02049505233884,33.816823085693905
Mymensingh,SARIMA+LSTM,2024-11-01,30.07364765523414,28.300264975652794,32.24518593166628,29.79636007090152,27.898196051234006,31.694524090569036
Mymensingh,SARIMA+LSTM,2024-12-01,26.042582959823047,24.2692002802417,28.214121236255185,25.790501060030664,23.892337048076126,27.688665071985202
Mymensingh,SARIMA+LSTM,2025-01-01,24.442391981571337,22.66900930198999,26.613930258003474,24.198822079459887,22.30052712741598,26.097117031503796
Mymensingh,SARIMA+LSTM,2025-02-01,27.43941672902792,25.666034049446573,29.610955005460056,27.202500402354516,25.304197218272733,29.1008035864363
Mymensingh,SARIMA+LSTM,2025-03-01,30.93293561323192,29.159552933650573,33.10447388966406,30.702761555946328,28.804457959182198,32.60106515271046
Mymensingh,SARIMA+LSTM,2025-04-01,32.394918212763976,30.62153553318263,34.56645648919611,32.17115043645553,30.272846665091283,34.06945420781977
Mymensingh,SARIMA+LSTM,2025-05-01,32.5593711082814,30.78598842870005,34.730909384713534,32.34231567261416,30.444011884645633,34.24061946058269
Mymensingh,SARIMA+LSTM,2025-06-01,32.32853906581727,30.55515638623592,34.500077342249405,32.11659511053547,30.218291318289623,34.01489890278132
Mymensingh,SARIMA+LSTM,2025-07-01,32.530153451289664,30.756770771708318,34.7016917277218,32.322976905036484,30.424673112240008,34.22128069783296
Mymensingh,SARIMA+LSTM,2025-08-01,32.717192949666355,30.94381027008501,34.88873122609849,32.51454613013308,30.61624233722638,34.41284992303977
Mymensingh,SARIMA+LSTM,2025-09-01,32.690866675000805,30.91748399541946,34.86240495143294,32.49203435068123,30.59373055777108,34.39033814359138
Mymensingh,SARIMA+LSTM,2025-10-01,32.083720867340546,30.3103381877592,34.25525914377268,31.888846565143524,29.99054277237212,33.787150357914925
Mymensingh,SARIMA+LSTM,2025-11-01,30.083840276884956,28.31045759730361,32.255378553317094,29.892326732626632,27.994022940189478,31.790630525063786
Mymensingh,SARIMA+LSTM,2025-12-01,26.05018161554562,24.276798935964273,28.221719891977756,25.86239059568117,23.964086809937317,27.760694381425022
Mymensingh,SARIMA+LSTM,2026-01-01,24.4043449036633,22.630962224081955,26.57588318009544,24.219570788838727,22.309794647977622,26.12934692969983
Mymensingh,SARIMA+LSTM,2026-02-01,27.38946117862871,25.616078499047365,29.56099945506085,27.20746191737521,25.296968347560988,29.11795548718943
Mymensingh,SARIMA+LSTM,2026-03-01,30.9015278358004,29.128145156219055,33.07306611223254,30.722107252830074,28.811577810650924,32.632636695009225
Mymensingh,SARIMA+LSTM,2026-04-01,32.333202435115936,30.55981975553459,34.504740711548074,32.15616304439287,30.2456183960642,34.06670769272154
Mymensingh,SARIMA+LSTM,2026-05-01,32.51086911132528,30.737486431743932,34.682407387757415,32.33602369433975,30.425477601547648,34.246569787131854
Mymensingh,SARIMA+LSTM,2026-06-01,32.287524111239364,30.514141431658018,34.4590623876715,32.114681954153596,30.20413548894395,34.02522841936324
Mymensingh,SARIMA+LSTM,2026-07-01,32.485645599421915,30.71226291984057,34.65718387585405,32.31465815079296,30.404111637629494,34.225204663956426
Mymensingh,SARIMA+LSTM,2026-08-01,32.68856832522001,30.915185645638665,34.86010660165215,32.51929599038309,30.608749467326017,34.429842513440164
Mymensingh,SARIMA+LSTM,2026-09-01,32.65451549853274,30.881132818951393,34.826053774964876,32.48682523656321,30.576278712045923,34.39737176108051
Mymensingh,SARIMA+LSTM,2026-10-01,32.06527094089555,30.291888261314206,34.23680921732769,31.899047842883146,29.988501318235794,33.8095943675305
Mymensingh,SARIMA+LSTM,2026-11-01,30.054460755961,28.281078076379654,32.22599903239313,29.88958772841539,27.97904120406475,31.80013425276603
Mymensingh,SARIMA+LSTM,2026-12-01,26.025752772978272,24.252370093396927,28.19729104941041,25.862128669843447,23.951582152293383,27.77267518739351
