station,origin,model,MAE,RMSE,MAPE,MASE,R2,ACF1
Dhaka,2011,SNAIVE,0.8247222222222214,1.0050386946669152,2.6691047765869396,0.8045567298271938,0.9129913958737715,0.08795244162881863
Dhaka,2011,SARIMA,0.7088677531282144,0.9355701011340183,2.3701054513548576,0.6915350477643767,0.924603826637141,0.21868405278365763
Dhaka,2011,SVR,0.7458508425445617,0.9281128493454175,2.4413284822735637,0.727613854273977,0.9258009736193333,0.19506066492603003
Dhaka,2011,XGB,0.8451688024732802,1.0304392795475548,2.762295441227264,0.8245033655545728,0.9085378414887286,0.29269564116160296
Dhaka,2011,ANN,0.8061871025588343,0.962085984265006,2.6560117390115403,0.7864748170794709,0.9202695139448919,0.2137275117331936
Dhaka,2011,SARIMA+SVR,0.696833352361337,0.9327139700410901,2.3415590758135614,0.6797949031853455,0.9250634664976142,0.21066044433872771
Dhaka,2011,SARIMA+XGB,0.7023356343172528,0.9308999394082801,2.339679638123842,0.6851626474485114,0.9253546704034226,0.207132831173332
Dhaka,2011,SARIMA+ANN,0.7035796443340953,0.9247409524558655,2.3146061247794965,0.6863762398606646,0.9263391344370817,0.13253023942939188
Dhaka,2014,SNAIVE,1.0919444444444444,1.4830514713477299,3.5905851896662497,1.0785693287604117,0.7065812492100247,0.2990386834103061
Dhaka,2014,SARIMA,0.6300069355152565,0.8304501897799409,2.0526103284252777,0.6222900450753344,0.9079968720255973,0.2024503579056568
Dhaka,2014,SVR,0.6835696707717701,0.8741746979657782,2.22722167516052,0.6751966958725569,0.8980536033688258,0.20747563464513483
Dhaka,2014,XGB,0.6941179932488335,0.8801923527900829,2.2405701347786846,0.6856158130277553,0.8966452126626702,0.18555331494401764
Dhaka,2014,ANN,0.8071381967394062,1.0969010479424497,2.642760312807563,0.7972516436191295,0.8394869606031643,0.33063659994247846
Dhaka,2014,SARIMA+SVR,0.6276782942689556,0.8267220851956701,2.0412786289771025,0.6199899271172047,0.9088210692763177,0.21154979344908326
Dhaka,2014,SARIMA+XGB,0.6206941481374636,0.8230320231093594,2.0211162956306556,0.6130913290764952,0.9096332044261731,0.20534535658619235
Dhaka,2014,SARIMA+ANN,0.7315699537637017,0.9410997329901106,2.3834894903557906,0.722609028313387,0.8818464659974736,0.3023504625714972
Dhaka,2017,SNAIVE,0.9722222222222227,1.232186403647327,3.2710078934506504,0.9657658983462415,0.8449934828884267,0.17456797284143938
Dhaka,2017,SARIMA,0.7852120765435928,0.927783750788597,2.5975032292491487,0.7799976478238815,0.9121198767300395,0.3134128389530817
Dhaka,2017,SVR,0.8179260403447098,0.9838299893619415,2.6830318628788157,0.8124943650524151,0.901181729922765,0.22395415055089435
Dhaka,2017,XGB,0.8487307824028864,1.0702601789490587,2.756169530517224,0.8430945392791868,0.8830565593247226,0.3864824844841829
Dhaka,2017,ANN,0.8398309905442621,1.0247862040598652,2.733972789910087,0.834253849071764,0.8927829944284541,0.30148018925100184
Dhaka,2017,SARIMA+SVR,0.7722947646965301,0.9247788925805093,2.5721091459575343,0.7671661171356787,0.9126881981426812,0.2831193367976882
Dhaka,2017,SARIMA+XGB,0.7821724058881924,0.9244701957593664,2.5865085840314013,0.7769781629838008,0.9127464788352465,0.3100849777112439
Dhaka,2017,SARIMA+ANN,0.7995914359065671,0.9560691882274066,2.6094733427176644,0.7942815168770743,0.9066797748882335,0.29876811108538925
Dhaka,2020,SNAIVE,0.9244444444444448,1.1775799100037523,2.9188014037563117,0.9209747997993674,0.8646352233677441,0.3191584606382471
Dhaka,2020,SARIMA,0.8291412533686054,1.0291441443762344,2.538177620774162,0.8260293026969866,0.8966102917021588,0.08630418088064465
Dhaka,2020,SVR,0.9424363366189937,1.1302805533193074,2.9338510769507593,0.9388991644197042,0.8752911120876947,0.12463130881635014
Dhaka,2020,XGB,1.041779727935791,1.178173509771247,3.242654410308067,1.0378696979971558,0.8644987184028113,0.08871647877862929
Dhaka,2020,ANN,0.8995936261940768,1.0730923232691705,2.82586254253966,0.8962172521711403,0.8875915210164191,0.12858981239288503
Dhaka,2020,SARIMA+SVR,0.7478394535814128,0.9489109446807331,2.2910809340379212,0.745032646562246,0.9121026449192838,0.08349171496177842
Dhaka,2020,SARIMA+XGB,0.8352456256163485,1.0298469646657074,2.5607989385636474,0.8321107638843537,0.8964690302530361,0.0743916577513139
Dhaka,2020,SARIMA+ANN,0.9843682863643536,1.1652889207381762,3.0490636027923324,0.9806737342751572,0.867446216013058,0.06602098291374667
Chittagong,2011,SNAIVE,0.6350000000000001,0.871467472459848,2.1187643867554744,0.7516693646297047,0.8397337297530504,0.09559842503316951
Chittagong,2011,SARIMA,0.6675258318393857,0.8496391272175282,2.3007692496046346,0.7901712092797262,0.8476618157189796,0.2529496708721024
Chittagong,2011,SVR,0.6101606830607449,0.8010983049127268,2.0533268834881846,0.7222662881233018,0.864571087140282,0.14427498326784705
Chittagong,2011,XGB,0.5350089412265353,0.7174907831657776,1.8279491575863303,0.6333068203511193,0.8913643368719444,-0.006906385779258964
Chittagong,2011,ANN,0.6787510288749866,0.8685828629884937,2.284269184233335,0.8034588261672747,0.8407929556819107,0.17038004013252314
Chittagong,2011,SARIMA+SVR,0.6896932614791509,0.8607780876316645,2.3676952132083207,0.8164114892053891,0.8436412562881273,0.237500975252285
Chittagong,2011,SARIMA+XGB,0.6776495652997219,0.8648426661186369,2.337253472929217,0.8021549892762795,0.842161123647013,0.2557791546506287
Chittagong,2011,SARIMA+ANN,0.6249269611689736,0.8131922842987039,2.1460803486352127,0.7397455934517393,0.8604511489015649,0.19095796605248627
Chittagong,2014,SNAIVE,1.1336111111111107,1.298733357288298,3.6383112789392364,1.3534693104020084,0.6249144207878813,0.019268068438402786
Chittagong,2014,SARIMA,0.868241880890939,1.0084079517557043,2.774516188559019,1.036633046618419,0.7738675438114573,0.00921785263852269
Chittagong,2014,SVR,0.9587742915017421,1.175298653662333,3.1017817885398773,1.144723764993907,0.6928243018556082,0.23708238365082512
Chittagong,2014,XGB,0.8897117190890845,1.0558843538916702,2.8488924531806927,1.0622668524409509,0.7520734221842551,-0.006357584156631569
Chittagong,2014,ANN,1.0218298896146405,1.2089073757569337,3.273321989294146,1.2200086806570933,0.6750051857253818,0.0968114172714589
Chittagong,2014,SARIMA+SVR,0.8428066566704309,0.9877669937594362,2.6951977099835864,1.0062647880081899,0.7830301459122774,0.02588386372816719
Chittagong,2014,SARIMA+XGB,0.8534331819542769,0.9937815790950804,2.7273592196557135,1.0189522746664665,0.7803798107999285,0.0231583765660016
Chittagong,2014,SARIMA+ANN,0.9854666538517038,1.1469937880745622,3.1408795921059225,1.1765929773796193,0.7074416429824708,0.030737349314751156
Chittagong,2017,SNAIVE,0.852222222222222,1.066484359420657,2.8666253838984095,1.0105845667354731,0.8106216896991106,0.2247056748873603
Chittagong,2017,SARIMA,0.6168527526168384,0.78880560000262,2.0702801932365755,0.7314780763606058,0.8963996491269581,0.3210739901521103
Chittagong,2017,SVR,0.7151990659249552,0.8475721996616425,2.369095273489507,0.8480993798574283,0.8803880246027638,0.3258268381593866
Chittagong,2017,XGB,0.8832265514797634,1.009862213823927,2.885080133929595,1.047350208175748,0.8301969444933817,0.4294427656350424
Chittagong,2017,ANN,0.8944917361059095,0.9971431796171878,2.8818428691141538,1.0607087212815474,0.8344472870247421,0.2647009094004122
Chittagong,2017,SARIMA+SVR,0.6097787380929182,0.7886252117860949,2.0532219632529674,0.7230895484434445,0.8964470274560621,0.31328214330830595
Chittagong,2017,SARIMA+XGB,0.6175718021871961,0.790233829832439,2.0733687024211487,0.7323307417565239,0.8960241470614599,0.32036761482592907
Chittagong,2017,SARIMA+ANN,0.7212274851368836,0.8592603394938285,2.377535410177862,0.855248016983436,0.8770663463103009,0.37790468852859727
Chittagong,2020,SNAIVE,0.7275000000000005,0.9128694077224608,2.3738743373007227,0.862985769302058,0.8354941252014517,0.3059319603155021
Chittagong,2020,SARIMA,0.6964202754515166,0.8390729901534315,2.1997175896683445,0.8261179205059488,0.8610163898792318,-0.04017857753372456
Chittagong,2020,SVR,0.6789705270279142,0.8730985743098119,2.1206413312608423,0.8054184228187049,0.8495158831684939,0.027490316504527396
Chittagong,2020,XGB,1.0887544483608673,1.2541380131601627,3.4072219378133948,1.2915183439171685,0.6895048871133919,0.03760541277722429
Chittagong,2020,ANN,0.7958860042900765,1.0342228837562244,2.5182749620139466,0.9441076229402229,0.7888493650969932,0.3004740893697804
Chittagong,2020,SARIMA+SVR,0.674683882283258,0.8173436825014191,2.1343434574940807,0.800333455928407,0.8681216435524213,-0.06343959891162142
Chittagong,2020,SARIMA+XGB,0.6720539496492436,0.8155857517555513,2.128115227117846,0.7972137384887128,0.8686883175500386,-0.030841440152642563
Chittagong,2020,SARIMA+ANN,0.7888024956210461,0.9345657346032851,2.4793409475360613,0.9357049189153418,0.8275815195534812,-0.019220571400804916
Barisal,2011,SNAIVE,0.746111111111111,0.9909731468499927,2.3923366642312267,0.9114591490472459,0.8914695185527032,0.13386558202764684
Barisal,2011,SARIMA,0.6715818401749004,0.9181778613499305,2.2719903743459957,0.8204132111768555,0.9068288209835984,0.28025390875141665
Barisal,2011,SVR,0.6972691213421613,0.8919056683671017,2.2651218306451324,0.8517931317883881,0.9120844281884135,0.2291257033146998
Barisal,2011,XGB,0.7732532437642419,0.9598522804969823,2.4847923762801436,0.9446163353737018,0.8981791403861449,0.2829018954072168
Barisal,2011,ANN,0.7145287961182265,0.9066664051504237,2.3283161451085537,0.8728777775602453,0.9091504029940755,0.22392972145511167
Barisal,2011,SARIMA+SVR,0.672337311839487,0.9163027475068987,2.278171040643392,0.8213361053011743,0.9072089830000615,0.2693700449326488
Barisal,2011,SARIMA+XGB,0.665456302584013,0.910314096364894,2.2467050452863666,0.8129301738692719,0.9084179221169063,0.28073638209924767
Barisal,2011,SARIMA+ANN,0.6587282083092227,0.8779328610518702,2.1890681600031385,0.8047110453894968,0.9148174636875783,0.21934483263060142
Barisal,2014,SNAIVE,0.8977777777777773,1.2672213697693073,2.964943981452796,1.0953014935489331,0.7436294174072362,0.2761103516321951
Barisal,2014,SARIMA,0.5204340651212331,0.6551619700205418,1.6662373154795467,0.6349368662610478,0.9314731806712128,0.03989089284292327
Barisal,2014,SVR,0.6394520181934182,0.7743255998323262,2.064928733818501,0.7801404400026211,0.9042782897486749,0.09432126781727675
Barisal,2014,XGB,0.6763876385158964,0.85452336328199,2.1612949849865353,0.8252024153663958,0.8834234773794366,0.1465060206236502
Barisal,2014,ANN,0.691566155213896,0.9154439816805466,2.2839556536235635,0.8437204188419636,0.8662090424522997,0.24887199777377442
Barisal,2014,SARIMA+SVR,0.515372791615886,0.6632028965598021,1.6510902168993684,0.6287620415250333,0.9297807732165609,0.042335690486648335
Barisal,2014,SARIMA+XGB,0.507749377530748,0.6456850256730424,1.625714983149802,0.6194613693096197,0.9334413287146962,0.047019933027677076
Barisal,2014,SARIMA+ANN,0.5742917324643961,0.7081704408868136,1.8370728747950433,0.7006439765729603,0.91993571956405,0.09417274262207015
Barisal,2017,SNAIVE,0.7980555555555563,1.0156675418440606,2.627943059217301,0.9817075948790388,0.8661893785528959,0.05145347001302956
Barisal,2017,SARIMA,0.6196656868736329,0.7366845692928907,2.041753200436052,0.7622658684034849,0.929603577924726,0.2658887057124358
Barisal,2017,SVR,0.6101844891540269,0.7397050970650081,1.9839342396666806,0.7506028159441764,0.9290251206726029,0.18332366192589622
Barisal,2017,XGB,0.689174156188965,0.8648287025645035,2.2150279107331956,0.8477699310721244,0.9029830471605306,0.21596446253311144
Barisal,2017,ANN,0.6617969196117326,0.8048649945791367,2.1341796899142236,0.8140925249221733,0.9159701634264956,0.22742716458955137
Barisal,2017,SARIMA+SVR,0.6360472698131638,0.7522517686564993,2.094001008438877,0.7824172529479897,0.9265969889769581,0.26205584834591705
Barisal,2017,SARIMA+XGB,0.6242694446376769,0.7453385557610079,2.0558723940778916,0.7679290630651636,0.9279399406887675,0.2109819748559945
Barisal,2017,SARIMA+ANN,0.6681247798371794,0.7938339919275328,2.1658287327603984,0.8218765800539363,0.9182577057016832,0.301974513849115
Barisal,2020,SNAIVE,0.7052777777777771,0.9182365345232851,2.254594333827224,0.8666083580433894,0.8846942035879517,0.4430596998094656
Barisal,2020,SARIMA,0.6289688414928887,0.7439537402086696,1.9824102719150578,0.7728439377517843,0.924310808514059,0.07768071629286201
Barisal,2020,SVR,0.6899698721721845,0.8596431816235497,2.1784661448940716,0.8477988061761169,0.8989401966537148,0.18000413250306782
Barisal,2020,XGB,0.9229970084296334,1.0771312202454393,2.8883647262915946,1.1341303343973994,0.8413356960099785,0.16928741504108266
Barisal,2020,ANN,0.7803166003452408,0.9323330976512835,2.4770892866583747,0.95881212918672,0.8811267307532705,0.2364731033529387
Barisal,2020,SARIMA+SVR,0.617210956509068,0.7327012041704715,1.9510101237943271,0.7583964651091648,0.9265831387092448,0.07448730170122347
Barisal,2020,SARIMA+XGB,0.6493675679177895,0.7678853648714988,2.0487121606410255,0.7979088233475836,0.9193629216521974,0.10363588904027767
Barisal,2020,SARIMA+ANN,0.737919577187607,0.8547290309418014,2.3262621384648434,0.9067168898608309,0.9000923110169579,0.062231183981780944
Bogra,2011,SNAIVE,0.973611111111111,1.2015325861397,3.2361056056623574,0.8609190190076709,0.8915445549513153,-0.0297382813775479
Bogra,2011,SARIMA,0.7986974579821691,1.0435653598440287,2.6699046661195505,0.7062510114795282,0.9181875190010345,0.11173800961636905
Bogra,2011,SVR,0.8040145997510973,0.9673745122034728,2.6446221859352192,0.7109527126242556,0.9296976997637912,0.05345648555748104
Bogra,2011,XGB,0.9745873090955952,1.183479444364895,3.246877380480183,0.8617822254784766,0.8947791775803461,0.21902113911327803
Bogra,2011,ANN,0.7855636139374282,0.9686400481456043,2.63960951010017,0.6946373640983947,0.9295136380943171,0.10966898417984904
Bogra,2011,SARIMA+SVR,0.7575966042527712,1.031271764955874,2.539600536602992,0.66990743829176,0.9201037292625148,0.091666477093598
Bogra,2011,SARIMA+XGB,0.8028027196178599,1.0479640715461602,2.6765833187129653,0.7098811033918271,0.9174963731066434,0.11325478406631263
Bogra,2011,SARIMA+ANN,0.8444999181381224,1.0959686850730865,2.7653500625669882,0.7467519965397749,0.9097646838483034,0.04070592694006013
Bogra,2014,SNAIVE,1.2169444444444446,1.597330237893495,4.071215828879423,1.0798049330117427,0.6957099931482927,0.3874417983995021
Bogra,2014,SARIMA,0.8097003248043254,1.0609749178672452,2.685998995900088,0.7184538365546029,0.8657517917976703,0.3920866016454445
Bogra,2014,SVR,0.829537577087341,1.080799885217155,2.7514319278108363,0.7360555955916618,0.8606878984576662,0.2780022556066829
Bogra,2014,XGB,0.9425264612833659,1.1891748816285188,3.0577763255155728,0.8363115728364225,0.8313486902208812,0.3121241941154482
Bogra,2014,ANN,0.8661439355983387,1.2192303299805394,2.8630972278080815,0.7685367221379248,0.822715903069668,0.22667404701821461
Bogra,2014,SARIMA+SVR,0.8148675191948122,1.0648563937328563,2.703149559564568,0.7230387311388625,0.8647677264171874,0.3920057446325767
Bogra,2014,SARIMA+XGB,0.801165175736892,1.0511594316123676,2.6577344229235957,0.7108805277572465,0.8682242651673305,0.388016466617994
Bogra,2014,SARIMA+ANN,0.8819051991527914,1.1476187385856764,2.941563969448867,0.7825218224556026,0.8429298980343485,0.428665430212985
Bogra,2017,SNAIVE,0.9938888888888892,1.3234571730467477,3.488241093619228,0.8851469472573147,0.8264023962156974,0.04844505200720378
Bogra,2017,SARIMA,0.7938283043865062,1.0554886664505376,2.727791350800078,0.706975103685578,0.8895842337680604,0.20871852020724233
Bogra,2017,SVR,0.8526403370159351,1.1214339742336432,2.9168706999006724,0.7593524787884768,0.8753560050552633,0.12427290779856215
Bogra,2017,XGB,0.9274573135375973,1.1639021227872144,3.132905059476168,0.8259836878818857,0.8657368406132884,0.21326400103477855
Bogra,2017,ANN,0.8816429823982054,1.1059407350162753,3.005966217766576,0.7851819284477867,0.8787762676637724,0.14223757712606694
Bogra,2017,SARIMA+SVR,0.8178638804344475,1.079736225147374,2.815016464241337,0.7283809338565849,0.8844528371351543,0.16421685106053585
Bogra,2017,SARIMA+XGB,0.7820085194042429,1.042172338490738,2.6865663527026724,0.6964485280177642,0.8923527286779255,0.2068603968704435
Bogra,2017,SARIMA+ANN,0.749105587805628,1.0126927651543884,2.5515183333798954,0.6671455246479518,0.8983565595879742,0.12543712807257668
Bogra,2020,SNAIVE,1.1741666666666661,1.423943077826107,3.7242962097910883,1.05447628550937,0.8218456476641605,0.036493509131704564
Bogra,2020,SARIMA,0.7873441173333711,0.9987116827715509,2.506006176714138,0.7070850534535247,0.9123622054670201,0.019182495042110108
Bogra,2020,SVR,0.7956490877277901,0.9845334462621738,2.5300651886280314,0.7145434446524791,0.9148328473088438,-0.031619133948190374
Bogra,2020,XGB,0.9831123903062609,1.1595512243949533,3.155817325989327,0.8828974037488013,0.8818616075690179,0.04075963633254997
Bogra,2020,ANN,0.8843872871151413,1.07232042725584,2.805536599277287,0.7942359870565364,0.8989676772372748,0.040677534990574415
Bogra,2020,SARIMA+SVR,0.7852691165422582,0.995997739198984,2.50072082977607,0.7052215708758313,0.9128378599913622,0.03972649784472313
Bogra,2020,SARIMA+XGB,0.7836608144138411,0.9912829246665766,2.495345778428646,0.7037772133561577,0.9136611161715562,0.024545237363470394
Bogra,2020,SARIMA+ANN,0.9265903355462614,1.1451380077727111,2.958748079705187,0.8321370065712159,0.8847802740186619,0.07019643453655722
Comilla,2011,SNAIVE,0.7036111111111109,0.9355672670156384,2.3149373228837637,0.7724010133233248,0.9027674415048477,0.07984276451564644
Comilla,2011,SARIMA,0.66490685091306,0.9440119833464622,2.2478274651037013,0.729912756209683,0.9010042179296387,0.17521087403840116
Comilla,2011,SVR,0.6980537254757393,0.9145894881735793,2.2952482242138466,0.7663002991242398,0.9070789545515419,0.15213151612642598
Comilla,2011,XGB,0.7817983436584477,1.0056896221731932,2.6104371821679186,0.8582323720026118,0.8876457219173305,0.1271420816109498
Comilla,2011,ANN,0.6992264106242867,0.9143539815731186,2.30220993752777,0.7675876341062257,0.9071268026895467,0.13192528449710553
Comilla,2011,SARIMA+SVR,0.6455454273695004,0.9353573574158996,2.19045603382375,0.7086584256167342,0.9028110679943439,0.14555103157295854
Comilla,2011,SARIMA+XGB,0.6687135456433396,0.9480357767558834,2.2669912545340827,0.7340916198186407,0.900158492389245,0.17294406631504666
Comilla,2011,SARIMA+ANN,0.6606153095490205,0.9235589388075836,2.1963268755612457,0.7252016439973296,0.9052474495996836,0.11861148476536414
Comilla,2014,SNAIVE,1.0736111111111104,1.406610385919917,3.551266795113646,1.1824737762237754,0.6460171405710706,0.2524665201790376
Comilla,2014,SARIMA,0.6078532478120852,0.8007047868799222,2.038721455782882,0.669488716995828,0.885295767504642,0.2586118147208169
Comilla,2014,SVR,0.5551741929171348,0.768188214044918,1.8547534139655426,0.6114680796115296,0.8944228649000427,0.2154614135726201
Comilla,2014,XGB,0.5899053637186681,0.7481219644328386,1.9642494132064106,0.6497209425572743,0.8998664981002911,0.11387092450795862
Comilla,2014,ANN,0.8547620782827261,1.0737983579541863,2.8605186188386087,0.9414337575491564,0.7937091028527503,0.36672324619382296
Comilla,2014,SARIMA+SVR,0.6189803515056809,0.8356073631299308,2.0731724027068283,0.6817440934415716,0.8750779478456979,0.2802655449291778
Comilla,2014,SARIMA+XGB,0.6181538523797803,0.8215000518407032,2.075093276349973,0.6808337884602474,0.8792603857683363,0.2679403590309129
Comilla,2014,SARIMA+ANN,0.6392766899782508,0.8199127687948227,2.1413885084693987,0.7040984522487728,0.8797265154864959,0.26480241944118765
Comilla,2017,SNAIVE,0.9669444444444445,1.2168846836628906,3.294540740775459,1.073080005754331,0.799609342512265,0.17610735999995836
Comilla,2017,SARIMA,0.6300344967127371,0.8202343983947911,2.176526173263287,0.6991895193589635,0.9089553192554584,0.20558061751356194
Comilla,2017,SVR,0.5970996359372749,0.757562114642824,2.025477410408474,0.6626396009086262,0.9223368295602228,0.19400284112664623
Comilla,2017,XGB,0.5806574863857696,0.7503713035002884,1.9715708384903246,0.6443926974420263,0.9238041962940561,0.22784084281962552
Comilla,2017,ANN,0.7676695754275659,0.9378773009282068,2.603898786588997,0.8519319565360685,0.8809660979877629,0.27365390861183514
Comilla,2017,SARIMA+SVR,0.6599537310445006,0.8554206403943002,2.2780476716003757,0.7323928045459839,0.9009765460128515,0.20192721963663812
Comilla,2017,SARIMA+XGB,0.6310711762918891,0.8195589799530257,2.176810430595145,0.7003399888974704,0.9091051982128461,0.2064583711456355
Comilla,2017,SARIMA+ANN,0.5988705612289729,0.7721579851413087,2.040841209204224,0.6646049098083506,0.9193153434994642,0.23939735810837476
Comilla,2020,SNAIVE,1.0686111111111105,1.3366573150130057,3.444398308703081,1.178502364586723,0.7489198275731854,0.268241848305745
Comilla,2020,SARIMA,0.9064349819599425,1.075275877710984,2.8619745200922493,0.999648757603873,0.8375154523918609,0.051588371259856096
Comilla,2020,SVR,1.0083658998222573,1.184065736652003,3.205354980272754,1.1120618014850374,0.8029738425376838,0.10136023768392458
Comilla,2020,XGB,1.1091602325439456,1.3122611229677899,3.477689013499509,1.2232213788227089,0.7580014384383038,0.1455146018207182
Comilla,2020,ANN,1.0671886976216682,1.2869184688108708,3.3612019066263827,1.17693367636769,0.7672582334089141,0.16505689627261286
Comilla,2020,SARIMA+SVR,0.8549698062020711,1.0133347099038679,2.7044391948161732,0.9428911301621568,0.8556960905611992,0.07081839643597379
Comilla,2020,SARIMA+XGB,0.8883360211339956,1.0513490689536449,2.811334154779198,0.9796885794734369,0.8446661422450796,0.0455216328468352
Comilla,2020,SARIMA+ANN,1.068174808297419,1.227732524632971,3.386250281426792,1.1780211943160184,0.7881737481700494,0.07954246967765982
Cox's Bazar,2011,SNAIVE,0.6944444444444435,0.843069787542327,2.1942104418920545,0.8682642729288544,0.8096731411637736,0.19316119953528138
Cox's Bazar,2011,SARIMA,0.5363784636357366,0.7017771538947123,1.7409710389152164,0.6706342897104665,0.868122265018538,0.15110146109613404
Cox's Bazar,2011,SVR,0.5865022753644312,0.7449416713456765,1.8593876781112826,0.733304119234201,0.8514004255162891,0.050611985699031505
Cox's Bazar,2011,XGB,0.8703749889797632,1.0136015414888264,2.7547948797267936,1.0882303300540437,0.7248892552552553,0.1617010254603831
Cox's Bazar,2011,ANN,0.943925609748266,1.1213595873385762,2.973417374973941,1.1801907118756871,0.6632847169473653,0.2343963232480099
Cox's Bazar,2011,SARIMA+SVR,0.5491208481945213,0.7113419994725332,1.7801108074837109,0.6865661001710773,0.8645029217601498,0.15289235210115537
Cox's Bazar,2011,SARIMA+XGB,0.5364854007066312,0.7024197745490701,1.741704796330748,0.670767993189344,0.8678806323074822,0.1528338972215081
Cox's Bazar,2011,SARIMA+ANN,0.5121403163503861,0.6810248888245701,1.6506363485824054,0.6403293207554719,0.8758064630088845,0.11994136480669425
Cox's Bazar,2014,SNAIVE,1.0538888888888887,1.284097175277461,3.4227464343454335,1.3283649277247034,0.4629404482281826,0.1749681956170546
Cox's Bazar,2014,SARIMA,0.8430016572368388,1.0271382017252175,2.7734836634500786,1.0625539820121213,0.6563752572361395,0.15889700063074605
Cox's Bazar,2014,SVR,0.7561537453703976,0.9138105356161056,2.4860969226033114,0.9530872997216034,0.7280187374016092,0.2234170218804728
Cox's Bazar,2014,XGB,0.7057903607686364,0.8554662253195574,2.332641905338231,0.889607217094465,0.7616405363849698,0.15961586817030085
Cox's Bazar,2014,ANN,0.9162553116149879,1.149011834744028,2.9968524174081477,1.15488590270083,0.5699928592050549,0.18038565395915568
Cox's Bazar,2014,SARIMA+SVR,0.8471589668201311,1.036187517491736,2.785653337141741,1.0677940261025012,0.6502937644180758,0.1678056903288722
Cox's Bazar,2014,SARIMA+XGB,0.843202766166954,1.0324900224332167,2.774215676687688,1.0628074679841564,0.6527850703684276,0.15778547814353383
Cox's Bazar,2014,SARIMA+ANN,0.7812000228051945,0.9447183500236059,2.570742110937291,0.9846566585650428,0.70930914721089,0.20725744362217663
Cox's Bazar,2017,SNAIVE,0.9761111111111112,1.1667999923818229,3.1890003216184217,1.228957799020751,0.6745708632372147,0.20220932798372185
Cox's Bazar,2017,SARIMA,0.5869736020225448,0.7832865392791994,1.9734974428923233,0.739020156428478,0.8533422811692098,0.034049536158295125
Cox's Bazar,2017,SVR,0.5762395692831114,0.7169793411829191,1.919035898198239,0.7255056363088835,0.8771212220994151,0.03632439103439324
Cox's Bazar,2017,XGB,0.6235067282782657,0.7918318078099478,2.0657961433403567,0.7850166315464292,0.8501249000866666,0.07252202868398927
Cox's Bazar,2017,ANN,0.7138182175470641,0.8465490829696664,2.303067986148397,0.8987219339599315,0.8286958492606431,0.1023623508948208
Cox's Bazar,2017,SARIMA+SVR,0.6042728799460683,0.8089235742288834,2.0333609647716964,0.7608005483116738,0.8435849336634218,0.06133764058387041
Cox's Bazar,2017,SARIMA+XGB,0.6041397383855487,0.7903741549266639,2.0289357365064,0.7606329184616375,0.8506761908699761,0.06671937174054135
Cox's Bazar,2017,SARIMA+ANN,0.5578511523752271,0.7214840614878832,1.865014632287148,0.7023539806076536,0.8755722976069801,0.04531922506304833
Cox's Bazar,2020,SNAIVE,0.704166666666666,0.9254503408251211,2.2743699220021854,0.8763287529167739,0.7412145562772836,0.3404976693862073
Cox's Bazar,2020,SARIMA,0.5526986549770547,0.6638675196145797,1.7568163381674342,0.6878282457583258,0.8668330519386207,0.1171013759355435
Cox's Bazar,2020,SVR,0.5322822057162003,0.6672622973694077,1.7022812855986293,0.6624201678604515,0.8654676347546337,0.2113812558238837
Cox's Bazar,2020,XGB,0.731997078789605,0.8808387977176791,2.3033680570557657,0.9109634374358578,0.7655628269506991,0.23276342897604438
Cox's Bazar,2020,ANN,0.8176091645982804,0.9444442026040426,2.5937754341933106,1.0175068680507506,0.7304829682460345,0.22781630918915113
Cox's Bazar,2020,SARIMA+SVR,0.5552590877302183,0.6652387856390137,1.7686815679468757,0.6910146800894601,0.8662823519862677,0.08960634961923569
Cox's Bazar,2020,SARIMA+XGB,0.548816272187635,0.6590284623593587,1.7453618431594584,0.6829966571170982,0.8687673351525127,0.12186859920640118
Cox's Bazar,2020,SARIMA+ANN,0.6027433784418144,0.7179268563506155,1.9090407159533134,0.7501084305213142,0.8442622110848116,0.15631419088415643
Faridpur,2011,SNAIVE,0.8794444444444444,1.13608245005956,2.804053583938295,0.9073033088640524,0.90098483274465,0.1447477705397152
Faridpur,2011,SARIMA,0.7345797403972962,0.924327346552498,2.4509971333339005,0.7578496098272485,0.9344558965429054,0.23464736217335705
Faridpur,2011,SVR,0.8743265358912216,1.008708540227171,2.7791211063917367,0.9020232762319331,0.9219427190491984,0.12023179943790434
Faridpur,2011,XGB,1.0114435640970874,1.139590262691624,3.2359387749038815,1.0434838701087605,0.900372442571505,0.26842496141884786
Faridpur,2011,ANN,0.8604992157332128,1.0556849912339474,2.7851770609123654,0.8877579370040423,0.9145030311585646,0.2275164991424133
Faridpur,2011,SARIMA+SVR,0.7203721255274341,0.9212085440282805,2.413407887650239,0.7431919289880283,0.9348974592588122,0.2218380257917823
Faridpur,2011,SARIMA+XGB,0.7442108251411834,0.926969510658489,2.4671348834591615,0.7677857861386459,0.9340806489840959,0.2344999250209929
Faridpur,2011,SARIMA+ANN,0.8053147541864516,0.9658093182216844,2.6338929095984587,0.8308253531716585,0.9284409105469736,0.17326554667941788
Faridpur,2014,SNAIVE,1.157777777777778,1.524700334856365,3.8324833754916505,1.2021425628347762,0.729045318880813,0.40960075924318684
Faridpur,2014,SARIMA,0.7211800647121848,0.8850399993627991,2.307154378106184,0.7488149003192032,0.9087036394223296,0.26514697521700764
Faridpur,2014,SVR,0.9186835746869705,1.1011937340444928,2.9648598841527245,0.9538865299592775,0.8586632403851397,0.2847213036885928
Faridpur,2014,XGB,1.0244840261671277,1.2004406540667558,3.2828690150936946,1.0637411396543728,0.8320387660060508,0.25411424248855696
Faridpur,2014,ANN,0.8590631712689443,1.123216215484221,2.84257889214337,0.8919815375351217,0.852953600090621,0.38811744166314677
Faridpur,2014,SARIMA+SVR,0.7271575958628587,0.8867027974718554,2.3245119327286274,0.7550214839614356,0.9083602650608589,0.26142919766238903
Faridpur,2014,SARIMA+XGB,0.7157607365760221,0.8815786385410294,2.2903157078484107,0.7431879094238056,0.9094163568012151,0.2527458537583729
Faridpur,2014,SARIMA+ANN,0.8494222355717981,1.0283267092307364,2.7085212217979353,0.8819711716691108,0.8767491567512087,0.28939593886455306
Faridpur,2017,SNAIVE,0.9311111111111108,1.220352863360065,3.180451676488029,0.9703941019801594,0.8583446170239765,0.11915755787866057
Faridpur,2017,SARIMA,0.8389225032093717,0.9628349144073713,2.778379956466771,0.8743161148204359,0.9118208528244985,0.2912771651037173
Faridpur,2017,SVR,0.8273522979301392,0.9610971053763318,2.721521760156854,0.8622577698735383,0.9121388725116759,0.23929837407647161
Faridpur,2017,XGB,0.9729210811191132,1.0924884156209491,3.14981631832285,1.0139680082686555,0.886473848747948,0.3005392454510961
Faridpur,2017,ANN,0.8888209461227246,1.04409693953018,2.856288750916757,0.9263197415877393,0.8963083275944707,0.23699039263516947
Faridpur,2017,SARIMA+SVR,0.8523412341012062,0.9923151118665674,2.8300115218940256,0.8883009735103473,0.9063384276903643,0.27614198011290725
Faridpur,2017,SARIMA+XGB,0.8465808786882386,0.9751499236519432,2.806177335119024,0.8822975923334404,0.909550740477514,0.28334863584817527
Faridpur,2017,SARIMA+ANN,0.8659898462166108,0.9872721172677518,2.822798488458607,0.9025254119677497,0.9072879941802734,0.283571525956038
Faridpur,2020,SNAIVE,0.8880555555555554,1.1532261510890027,2.833183750653552,0.9241553748870822,0.8798668027645127,0.31880646954838987
Faridpur,2020,SARIMA,0.6924821959909276,0.8456836132225374,2.1978458339116056,0.7206318787547866,0.9353974141102339,0.12098925055671238
Faridpur,2020,SVR,0.8173811831745685,1.0157745176069797,2.5972797416578546,0.8506080605393886,0.9067972560067002,0.20976670236041398
Faridpur,2020,XGB,0.8451277860005698,0.984541015932995,2.6803715911886785,0.8794825740493737,0.9124408174252479,0.13486133409982085
Faridpur,2020,ANN,1.0194645177507022,1.2116546978552212,3.2764443278159328,1.0609061648137392,0.8673852556500514,0.25126192892892707
Faridpur,2020,SARIMA+SVR,0.6710282677410063,0.8355054708210148,2.133411016324567,0.6983058396003969,0.9369430925731665,0.12023823958868354
Faridpur,2020,SARIMA+XGB,0.6884685740182608,0.845152610481112,2.18315192412664,0.7164551014173772,0.9354785162622138,0.13143107444747795
Faridpur,2020,SARIMA+ANN,0.8021510239677674,0.9689780058959929,2.5205931910958768,0.8347587891697094,0.9151871005820132,0.1071682586877321
Jessore,2011,SNAIVE,0.8777777777777778,1.1488907693945503,2.6666401081190805,0.8939179632248938,0.9045328580898042,0.2100005508010498
Jessore,2011,SARIMA,0.7530814388667919,1.011175816600607,2.459693782336584,0.7669287637681614,0.9260480228889534,0.3244498565322488
Jessore,2011,SVR,0.8322183675610284,1.056035805904488,2.5783978096345033,0.8475208269362665,0.9193408338903157,0.23238655540847492
Jessore,2011,XGB,0.8634793366326229,1.1261471671864303,2.6562135730840275,0.8793566087347785,0.9082752075060055,0.2791716575494465
Jessore,2011,ANN,0.8691838796622222,1.0577514941314197,2.7303781025410716,0.8851660443519094,0.9190785352158123,0.32099872668922896
Jessore,2011,SARIMA+SVR,0.7590218374059964,1.0147865786702355,2.474683515005717,0.7729783917005904,0.9255189363745973,0.31907267622636165
Jessore,2011,SARIMA+XGB,0.7446492895229784,1.003874903494682,2.425365431992004,0.7583415678310388,0.9271120669258471,0.31835328875708174
Jessore,2011,SARIMA+ANN,0.7093968935792625,0.9353339179435219,2.2802521971674787,0.7224409665870848,0.9367253418692972,0.2532796000744079
Jessore,2014,SNAIVE,1.024166666666667,1.3044187722251375,3.277036658300356,1.0438000485319099,0.8285068983643094,0.3807474458381897
Jessore,2014,SARIMA,0.5677600557959428,0.7242480024928631,1.7485464197063654,0.5786440753076825,0.9471326932073899,0.10886212178359372
Jessore,2014,SVR,0.7156014502747333,0.8809919075886359,2.2406398189375327,0.7293196047449356,0.9217730472595731,0.10554913276584033
Jessore,2014,XGB,0.5979103045993382,0.8275617065863511,1.8266752382971132,0.6093723075266247,0.9309738981824371,0.17635724621955057
Jessore,2014,ANN,0.6844977181038985,0.8907320706114169,2.164502450895394,0.6976196107829103,0.9200337457922922,0.233573989395264
Jessore,2014,SARIMA+SVR,0.5779816778604291,0.7342650322610184,1.7811284978359834,0.5890616469337059,0.9456601709978635,0.12362557756125861
Jessore,2014,SARIMA+XGB,0.5734157046036273,0.7265765495034534,1.7659941379400783,0.5844081434931412,0.9467921968412772,0.10532945607275866
Jessore,2014,SARIMA+ANN,0.5875006723118321,0.7445256249785582,1.8165326309851002,0.5987631215019885,0.9441308744017224,0.1929229976542842
Jessore,2017,SNAIVE,0.9055555555555558,1.1595401387331674,2.9256239557180246,0.9285456582420295,0.8844705991444348,0.2026244475965769
Jessore,2017,SARIMA,0.929487209657204,1.1069501600184477,2.986799667515107,0.9530848854316883,0.8947124349009261,0.4045543327613526
Jessore,2017,SVR,0.8729212082336936,1.0217716762795293,2.738450475325354,0.8950827952190237,0.9102925179213104,0.3511305792038079
Jessore,2017,XGB,0.9817078844706218,1.1148091341458928,3.075595607979267,1.0066313305625119,0.8932121152000108,0.41446051355367297
Jessore,2017,ANN,0.8717219149707867,1.0347902592146148,2.718719928770405,0.8938530544864984,0.9079919955821132,0.3246490314973532
Jessore,2017,SARIMA+SVR,0.9185191854253443,1.090123693458943,2.9553851751648104,0.9418384067175926,0.8978890056316013,0.37872007741084585
Jessore,2017,SARIMA+XGB,0.9407600947604714,1.1212308386559289,3.0287745771100814,0.9646439647772714,0.891978297976786,0.4002994949139668
Jessore,2017,SARIMA+ANN,0.8678099553314579,1.0301422415788897,2.750565645065575,0.8898417786282345,0.9088166928855327,0.37710466777909896
Jessore,2020,SNAIVE,0.8511111111111105,1.1514025263902177,2.6124548747161027,0.8702691187957102,0.8887387570106227,0.499146541926356
Jessore,2020,SARIMA,0.6101217396195239,0.7773017007183078,1.9306885071439004,0.6238552190954442,0.9492928983849058,0.15196397200393646
Jessore,2020,SVR,0.7752097274866834,1.0100924127403104,2.3909991509972093,0.7926592399210564,0.9143727947936887,0.28940713430245973
Jessore,2020,XGB,0.8383645820617673,1.0165442581438788,2.5791071545954942,0.8572356729169528,0.9132754340989817,0.2508943360664196
Jessore,2020,ANN,0.762184907684137,0.9283775040915546,2.368697672346036,0.7793412391288482,0.9276666185411995,0.28665490111082986
Jessore,2020,SARIMA+SVR,0.6095687258190362,0.7793228604946986,1.9227175182281402,0.6232897572814116,0.9490288557385882,0.14510419802113309
Jessore,2020,SARIMA+XGB,0.6414487510336664,0.7975658353976148,2.0296367981288186,0.655887383006802,0.9466145834363373,0.1631049812236637
Jessore,2020,SARIMA+ANN,0.6347620516609116,0.7960278930754161,1.9825462652590942,0.6490501699863044,0.9468202706105027,0.10954501794724367
Khulna,2011,SNAIVE,0.8991666666666672,1.1621065642473014,2.752656889471175,1.0533153112562896,0.8958289387782925,0.1486052371754974
Khulna,2011,SARIMA,0.7758337037665631,0.9759044845750523,2.461436407156526,0.9088387608889679,0.9265368058727141,0.34419233561902146
Khulna,2011,SVR,0.8776170809657308,1.0506767160501675,2.757086345174343,1.0280713721608021,0.9148482856866192,0.28321225348786233
Khulna,2011,XGB,0.9949928516811796,1.1899733270831323,3.1475002478062173,1.1655694590543217,0.8907730935544028,0.40911263416899857
Khulna,2011,ANN,0.8266088623173372,0.9987185181606194,2.587142588026326,0.9683185591462388,0.9230619127764426,0.2969234721609452
Khulna,2011,SARIMA+SVR,0.7405863142789115,0.9556889797267706,2.3563361563884015,0.8675487349065871,0.929548809556149,0.3239769868025385
Khulna,2011,SARIMA+XGB,0.7680036139761862,0.9840012367791092,2.4115995794958263,0.8996663195936402,0.9253127500935892,0.31412936432300165
Khulna,2011,SARIMA+ANN,0.8211395312031882,1.0108394567961625,2.5656824052358242,0.9619115932094118,0.9211830633684901,0.2840030937631706
Khulna,2014,SNAIVE,1.0141666666666669,1.3295393939255806,3.295832611326914,1.1815533980582527,0.8056764465182181,0.3922536248450449
Khulna,2014,SARIMA,0.5818908919445869,0.6956227934373183,1.8368613370934748,0.6779311362461206,0.946805022209312,0.1877268976141308
Khulna,2014,SVR,0.7042188940178153,0.8236535114788035,2.2115995409030953,0.8204491969139596,0.9254217596069053,0.05457206926094572
Khulna,2014,XGB,0.6613632096184622,0.7816781630495604,2.05931734431946,0.770520244215684,0.9328294378177721,0.12164596869181324
Khulna,2014,ANN,0.7099242788771838,0.9130119223088585,2.2913321907699356,0.8270962472355539,0.9083619326912133,0.2437234375293779
Khulna,2014,SARIMA+SVR,0.6038277288008426,0.7227305473723215,1.9075800002141101,0.7034886160786515,0.9425783263879386,0.19827433417397086
Khulna,2014,SARIMA+XGB,0.5846260765694316,0.7018652244217016,1.842821403670446,0.6811177591100173,0.9458460083881234,0.19015617605607413
Khulna,2014,SARIMA+ANN,0.6661852388142226,0.8080111489097389,2.1086870427856534,0.7761381423078322,0.9282275568180639,0.2892004953141842
Khulna,2017,SNAIVE,0.874980277777778,1.137019638549494,2.933270613573487,1.0236347978681921,0.8865247633146731,0.2672381442995237
Khulna,2017,SARIMA,0.8074087912439288,0.9677287947005211,2.6764054472142043,0.9445832732608033,0.9177998721886846,0.4687597000966844
Khulna,2017,SVR,0.8054355791313113,0.9478891590712274,2.6323161290792334,0.9422748228495778,0.9211357317293165,0.4540219053724031
Khulna,2017,XGB,0.8509351431274418,1.056793287197635,2.775053685091739,0.9955045220521223,0.9019731025500364,0.6093006659153765
Khulna,2017,ANN,0.8264942194151771,0.970572536829061,2.6917583244768903,0.9669112147064336,0.9173160601490987,0.45189090684228966
Khulna,2017,SARIMA+SVR,0.8111234983458254,0.9786051188827216,2.6925671246679492,0.9489290894465656,0.9159417911163948,0.45132492493247267
Khulna,2017,SARIMA+XGB,0.7997709827963307,0.9549789857243786,2.645401851856999,0.935647841565966,0.9199515742071177,0.4653585326551849
Khulna,2017,SARIMA+ANN,0.7997876097363827,0.9476747091455306,2.606788853752139,0.9356672933351676,0.9211714121106749,0.4486008141948431
Khulna,2020,SNAIVE,0.8785713888888895,1.1626517038995625,2.772825350824403,1.011972563841063,0.8766849469409764,0.5822343132275231
Khulna,2020,SARIMA,0.5957918819815409,0.7724106758258703,1.8930674326928087,0.6862561721786301,0.9455731293399212,0.23562016499592284
Khulna,2020,SVR,0.7212544018521189,0.9270779744076644,2.2733017010439927,0.830768763306778,0.9215939896281303,0.4346539177529398
Khulna,2020,XGB,0.8686010312059189,1.0645189234676782,2.702034113272476,1.0004883195844767,0.8966230769568483,0.40982476349985997
Khulna,2020,ANN,0.7633504486081608,0.9714751474125033,2.4005795863911263,0.8792566208696795,0.9139045463120876,0.42826803126829627
Khulna,2020,SARIMA+SVR,0.590692846675303,0.7659818018779926,1.8819306916036325,0.6803829057631422,0.9464753627133154,0.2451538939263834
Khulna,2020,SARIMA+XGB,0.6039806219498836,0.7750270531278787,1.917978834614573,0.6956882801270481,0.9452037859052549,0.23770607066015145
Khulna,2020,SARIMA+ANN,0.7066411211701108,0.8694863589673671,2.233589924520538,0.813936620461103,0.9310328348250024,0.23594279845818195
Rajshahi,2011,SNAIVE,1.1144444444444446,1.3965473298261124,3.450002751531853,1.0241929149320554,0.9008372869436948,0.17233372707028718
Rajshahi,2011,SARIMA,0.9471701776242853,1.1874440459759408,3.0174785195975176,0.870465091367853,0.92830920585383,0.35350512346149926
Rajshahi,2011,SVR,1.0668481105752707,1.305427690419113,3.333626698512343,0.9804510952580838,0.9133551560175689,0.3760678066292123
Rajshahi,2011,XGB,1.0720490858289928,1.2574795576126387,3.3875584032008583,0.98523087771575,0.9196031653805249,0.33809284340168844
Rajshahi,2011,ANN,1.0235050393987397,1.2135132747344133,3.2513243883537246,0.940618094491026,0.9251268429304835,0.3838804557149778
Rajshahi,2011,SARIMA+SVR,0.896605656464119,1.1439723652609943,2.866050137929165,0.8239954583795609,0.9334622440709022,0.32106916987695144
Rajshahi,2011,SARIMA+XGB,0.9467476135866237,1.1844975577716723,3.0064068480064647,0.8700767480137849,0.9286645472319286,0.35185300567915156
Rajshahi,2011,SARIMA+ANN,0.9796928347511636,1.1800731416154167,3.075136964949612,0.9003539522887921,0.9291964660513918,0.31659631012288914
Rajshahi,2014,SNAIVE,1.1155555555555556,1.5069136965629086,3.6458963402395046,1.0230916204167044,0.8290452496280978,0.34408215423645677
Rajshahi,2014,SARIMA,0.7349797111823313,0.9097850330786273,2.322909144249908,0.6740601845799198,0.9376865224797066,0.21231807462538438
Rajshahi,2014,SVR,0.8454421341359816,1.0321639624332863,2.7015888486165336,0.7753668194059405,0.9197949347951767,0.12209440845705935
Rajshahi,2014,XGB,0.9158559163411462,1.0860408998767115,2.874696074972179,0.8399442850258168,0.9112033105642262,0.12007082618469939
Rajshahi,2014,ANN,0.9971375035211203,1.3308446696168437,3.1898609005081116,0.9144887667630689,0.8666603988864682,0.2323178638703359
Rajshahi,2014,SARIMA+SVR,0.7410022854096769,0.9170351474376826,2.3516587876267834,0.6795835717341044,0.9366894078917555,0.23033260430753105
Rajshahi,2014,SARIMA+XGB,0.7095809096976016,0.87189599823102,2.259951559986731,0.6507665880949707,0.9427686775395171,0.21403962841442603
Rajshahi,2014,SARIMA+ANN,0.8852647937131989,1.0467937536930776,2.8177629755696607,0.811888738115644,0.9175051841052553,0.3229846421815056
Rajshahi,2017,SNAIVE,0.978333333333333,1.1986427509664601,3.267959171231068,0.9074201305393331,0.9049534420249196,0.13891149142275416
Rajshahi,2017,SARIMA,0.9538845253726362,1.118186879508771,3.0813892395580442,0.8847434622143997,0.9172847376515261,0.4144128844863519
Rajshahi,2017,SVR,1.1336139978486388,1.2880820202683194,3.5651610919447627,1.051445480656587,0.890240049189244,0.4114841325107624
Rajshahi,2017,XGB,1.103901547325982,1.2287810672080173,3.4915251760467925,1.0238866979663863,0.9001137083673598,0.462106198689217
Rajshahi,2017,ANN,1.1184296535452853,1.2547443443378856,3.5061598398954628,1.0373617535459532,0.8958480606646055,0.4473409577919477
Rajshahi,2017,SARIMA+SVR,0.9309959441191032,1.1118567420622683,3.0083762814610773,0.86351392961923,0.9182186010748216,0.3873868890851734
Rajshahi,2017,SARIMA+XGB,0.9621606564284715,1.1355096842204286,3.104929634212193,0.892419708813766,0.9147020581278318,0.39771632860235456
Rajshahi,2017,SARIMA+ANN,0.9647182759254882,1.1204437665779072,3.0607713576126114,0.894791942630992,0.9169505047951539,0.3857395116043463
Rajshahi,2020,SNAIVE,1.2113888888888884,1.5870596502127239,3.683942020863425,1.126364047265448,0.8482009394574355,0.39854054383645243
Rajshahi,2020,SARIMA,0.8993480128344393,1.129392496469534,2.7653882987787934,0.8362246648683364,0.9231272567375501,0.0073759121690107655
Rajshahi,2020,SVR,1.0812043149541097,1.3317788683674006,3.3165878679475638,1.005316855126182,0.8931076013786311,0.1212648904928415
Rajshahi,2020,XGB,1.0983876546223958,1.2942978847552749,3.379558801341667,1.0212941322762639,0.8990395991360776,0.16450320363924906
Rajshahi,2020,ANN,1.0162243144450853,1.253328257128531,3.1592382703182076,0.9448976643642557,0.9053300285984045,0.1016160716226166
Rajshahi,2020,SARIMA+SVR,0.8804189471812672,1.1051569937145582,2.7145898263744797,0.8186241905734001,0.9263910646773169,-0.012540256899909176
Rajshahi,2020,SARIMA+XGB,0.8936558795295694,1.1192534902929172,2.7559807863948,0.8309320504439722,0.9245012957359663,0.005462866617261641
Rajshahi,2020,SARIMA+ANN,0.9834446362471421,1.2269195771504868,3.034500331815646,0.9144187229262507,0.9092775487556672,-0.004506132549369962
Rangamati,2011,SNAIVE,0.7713888888888898,1.030618746190851,2.396989346217689,0.7736039086272671,0.8548878480626436,0.04504685290267143
Rangamati,2011,SARIMA,0.737974775503182,0.9761600301952202,2.3110603218801673,0.7400938476310146,0.869818356729813,0.10019793409281592
Rangamati,2011,SVR,0.839254274213988,1.1120782500482866,2.6039108404056583,0.8416641673427046,0.8310421396785663,0.14496813702699332
Rangamati,2011,XGB,0.8434980371263295,1.088824733859887,2.611568234380658,0.8459201160912063,0.8380340723667389,0.11131803441611575
Rangamati,2011,ANN,0.9076122114375771,1.1900153055955291,2.820300804983633,0.9102183923044319,0.8065303698176897,0.1701244844857607
Rangamati,2011,SARIMA+SVR,0.7465746688032971,0.9756014104480708,2.341018450514145,0.7487184352632391,0.8699673102340586,0.09648060975183208
Rangamati,2011,SARIMA+XGB,0.7522915016033626,0.9881673797139554,2.3487165364219194,0.7544516837748548,0.8665960362132135,0.09878508796997278
Rangamati,2011,SARIMA+ANN,0.77731719447889,1.0296427004606663,2.4089631924067407,0.7795492371665037,0.8551625743447098,0.058433920313200015
Rangamati,2014,SNAIVE,1.2177777777777772,1.7725750258373325,3.959735782583202,1.2246054390550485,0.403183715249015,0.07123010881053028
Rangamati,2014,SARIMA,0.7430376435593691,1.0204148911337867,2.470421700553583,0.7472036001395121,0.8022188089205612,0.1071872029301987
Rangamati,2014,SVR,0.6919999302076606,0.9131866914105062,2.315253512101044,0.6958797358779325,0.841601684185928,0.1700472753638486
Rangamati,2014,XGB,0.7368808343675394,0.9705282293757022,2.4510003894026537,0.7410122718355113,0.8210845864465491,0.1846853568082378
Rangamati,2014,ANN,0.8513116710844573,1.105286896114924,2.8412541789333794,0.8560846829078125,0.7679500629565124,0.2650839577582932
Rangamati,2014,SARIMA+SVR,0.7570565001729588,1.0212701646315827,2.5092120935803193,0.7613010556618673,0.8018871244202761,0.11808104330399538
Rangamati,2014,SARIMA+XGB,0.7139431413437751,0.9881946435532826,2.3756490107753163,0.7179459750538971,0.814511750158519,0.10879533300163263
Rangamati,2014,SARIMA+ANN,0.6866813521587046,0.9353037112152573,2.2889167735914246,0.6905313383906048,0.8338360805601882,0.16866314962728882
Rangamati,2017,SNAIVE,1.202777777777778,1.486560160609422,3.9357041059388904,1.2064866069770037,0.7077598714256903,0.25826458356489246
Rangamati,2017,SARIMA,0.6954779331928171,0.9012113243550527,2.333715524390941,0.6976224763608896,0.8925940967913472,0.3022931492797258
Rangamati,2017,SVR,0.6968651065906001,0.8496754761718864,2.290965432689982,0.6990139271815657,0.9045268969589655,0.25003317509732903
Rangamati,2017,XGB,0.8752257601420081,1.0235544603207056,2.851145361886161,0.8779245652871502,0.8614531100773738,0.4010170741830569
Rangamati,2017,ANN,0.757137110572056,0.9023496778845751,2.4504039397633846,0.7594717830904453,0.8923225886444834,0.30889216668909064
Rangamati,2017,SARIMA+SVR,0.6587121097345702,0.8708658355998746,2.21243296956398,0.6607432835320949,0.8997054399456242,0.24050325525299351
Rangamati,2017,SARIMA+XGB,0.6584606889125342,0.8621110174046278,2.2112253252229386,0.6604910874405924,0.901711827220771,0.27730933324288476
Rangamati,2017,SARIMA+ANN,0.7003494148084619,0.8523526351784994,2.2990448263508534,0.7025089794489904,0.9039243154979044,0.2840643865983978
Rangamati,2020,SNAIVE,1.1099999999999999,1.3411603599536899,3.5012861380517157,1.109133489461358,0.7477989841808323,0.24568446413735465
Rangamati,2020,SARIMA,0.9076810990140317,1.0636918625650735,2.817857728450028,0.9069725267275257,0.8413583976711994,0.05894756333088071
Rangamati,2020,SVR,1.0598545983839378,1.2344821965448072,3.2862917229851103,1.0590272333578767,0.786324329169874,0.03396754669158247
Rangamati,2020,XGB,1.127819783952501,1.2827120793722577,3.5014972642880964,1.1269393625754887,0.7693020246165361,0.02799914780806496
Rangamati,2020,ANN,0.9885188497429035,1.1447413511173947,3.0950384181877193,0.9877471722645716,0.8162615044546037,0.09187614747611213
Rangamati,2020,SARIMA+SVR,0.9038964031511385,1.0600480360274296,2.815202196624384,0.9031907853500836,0.8424434343882412,0.06524594304112821
Rangamati,2020,SARIMA+XGB,0.905483070946284,1.064709587720224,2.8106439372255814,0.9047762145286833,0.8410546804138785,0.06306747264659553
Rangamati,2020,SARIMA+ANN,1.0328249086433097,1.1786459669883815,3.2021797321264778,1.0320186440776238,0.8052165009785441,0.04900567000855292
Rangpur,2011,SNAIVE,0.8975000000000001,1.0978552323103041,3.113238304421603,0.8356477797230626,0.9096059312506136,-0.04948111665010124
Rangpur,2011,SARIMA,0.7631252311007699,1.0169549905446706,2.5945855461471714,0.7105335989080862,0.9224372414263581,0.16689416685388325
Rangpur,2011,SVR,0.7374953258897955,0.9078141056668575,2.5360875269522607,0.6866700073938095,0.9381921501183788,0.09711232170833492
Rangpur,2011,XGB,0.9272242037455238,1.1435721415448241,3.2828938629620565,0.8633235065910101,0.9019207995230213,0.31020211142784226
Rangpur,2011,ANN,0.8075838234523004,0.9610075458212726,2.770279567984051,0.7519282774464362,0.9307366682545943,0.13228156231164792
Rangpur,2011,SARIMA+SVR,0.7419313555427902,0.9965590080790466,2.5368954525809886,0.690800323082178,0.9255172297220634,0.17218571771979876
Rangpur,2011,SARIMA+XGB,0.7633778494493952,1.0168448375761692,2.5902810424328426,0.7107688077795581,0.9224540431638314,0.1584781627751065
Rangpur,2011,SARIMA+ANN,0.8185308601439921,1.111036579651399,2.726105150443001,0.7621208868124074,0.9074222762100115,0.15762364460046394
Rangpur,2014,SNAIVE,1.3458333333333334,1.768933294389588,4.5965655730142245,1.2620708903153788,0.6539036866695118,0.3430484887155949
Rangpur,2014,SARIMA,0.9277633187690782,1.1539832426619083,3.143648141612189,0.8700208627027921,0.8527100667114809,0.2920521455051773
Rangpur,2014,SVR,0.9451337604501435,1.185659213709534,3.218618829573295,0.8863101967938831,0.8445130939521491,0.3580334137011577
Rangpur,2014,XGB,1.0655668131510418,1.2412555884303242,3.59775384011339,0.999247695279794,0.829589443622403,0.2509142254713921
Rangpur,2014,ANN,1.0481541439405173,1.2818232540718153,3.548774818276254,0.9829187618309069,0.8182684407477281,0.25041759501599353
Rangpur,2014,SARIMA+SVR,0.9518385024855568,1.1909076588716598,3.221057865243984,0.8925976467629003,0.8431334889391471,0.3139462900907675
Rangpur,2014,SARIMA+XGB,0.872766540104825,1.11296612473319,2.9613055042886773,0.8184469926743547,0.8629945155570262,0.27847584287044824
Rangpur,2014,SARIMA+ANN,1.0502331354343815,1.2472621637216486,3.5888647791502053,0.9848683603291998,0.8279361814490124,0.30707101019899247
Rangpur,2017,SNAIVE,1.139166666666667,1.4568869017341206,4.087462237310042,1.0668389379303174,0.8152330950016851,0.04426158579409724
Rangpur,2017,SARIMA,0.8402681353658689,1.0086717880395335,2.8993571918741314,0.7869180088752696,0.9114329346577686,0.038774117654906154
Rangpur,2017,SVR,0.8858052411755858,1.0966301834298127,3.0186893338562433,0.8295638824072014,0.8953129656792513,-0.030162010168643043
Rangpur,2017,XGB,0.9855632697211374,1.2297760807577118,3.3289560276456456,0.9229880953320516,0.8683488703395754,0.1124703130827498
Rangpur,2017,ANN,1.1017652652983305,1.3458205824114555,3.825943866815684,1.0318122184164316,0.8423308093053062,0.032107713031839256
Rangpur,2017,SARIMA+SVR,0.8324610720460801,0.9943332420549121,2.8820179284593106,0.7796066299663261,0.9139330477822266,-0.03420015213083174
Rangpur,2017,SARIMA+XGB,0.8602222484132996,1.0219408887282762,2.9647203824179997,0.8056051996031666,0.9090874041328658,0.0322126407075186
Rangpur,2017,SARIMA+ANN,0.8750059659680117,1.0395657495355097,3.018811416645821,0.8194502724939324,0.9059245224946356,0.026596731560709307
Rangpur,2020,SNAIVE,1.3041666666666663,1.501180091350357,4.240436310871834,1.225428622697835,0.7977810468622877,-0.386556757314799
Rangpur,2020,SARIMA,1.086270899844588,1.2722789114897688,3.555013679626579,1.0206881426248884,0.854748400763002,-0.10401009052048375
Rangpur,2020,SVR,1.3066557825984835,1.4777257703120465,4.249509980623892,1.2277674601992243,0.8040505902157878,-0.14043835674760463
Rangpur,2020,XGB,1.3868776512145995,1.549768644122529,4.47509476123405,1.303145996149507,0.7844787958275166,0.028184088410211732
Rangpur,2020,ANN,1.2863068182481707,1.4612185536772029,4.164927844632962,1.2086470486793794,0.8084039190669146,0.016909567217130456
Rangpur,2020,SARIMA+SVR,1.0669843727115107,1.2602710687393965,3.502094284597404,1.002566024505033,0.8574772483653643,-0.12611122965054516
Rangpur,2020,SARIMA+XGB,1.0795973138786934,1.2675267371493888,3.532977555801252,1.0144174691997316,0.8558314522804396,-0.1135698249066699
Rangpur,2020,SARIMA+ANN,1.2396182766109445,1.4235029692294046,4.062090944401952,1.1647772912805732,0.8181668676541249,-0.03437904574240801
Sylhet,2011,SNAIVE,1.2125000000000006,1.4798489036985427,4.004042513599336,1.0198781430291706,0.7046717455833491,-0.14763844257824257
Sylhet,2011,SARIMA,1.0469082436969128,1.3029439773582276,3.430697889875582,0.8805928540235359,0.7710599708507353,0.04887430859236162
Sylhet,2011,SVR,1.024549485949132,1.327979541191226,3.3478204558515383,0.8617860842649827,0.7621774579237695,0.14562869690294167
Sylhet,2011,XGB,1.3526232295566132,1.7042590012809975,4.317824183152161,1.1377409217140764,0.6083109405089238,0.22770029937230055
Sylhet,2011,ANN,1.3921606256671817,1.7254328063922801,4.453143127371466,1.1709972731577507,0.5985177488112916,0.28410191091789766
Sylhet,2011,SARIMA+SVR,1.0197537000078907,1.2703462177799592,3.3314479987085144,0.8577521731226169,0.7823721628009329,0.028130422642964528
Sylhet,2011,SARIMA+XGB,1.0415968399111841,1.2936621128939043,3.4079865303441044,0.8761252378339548,0.7743101817482188,0.06706824942805129
Sylhet,2011,SARIMA+ANN,1.0856763842135888,1.3614350685354033,3.5166447607934423,0.9132021564225804,0.7500436843087774,0.04554982843743865
Sylhet,2014,SNAIVE,1.3352777777777773,1.8567960756816204,4.456719644495718,1.1085158952396639,0.3443858925467488,0.03639994935147839
Sylhet,2014,SARIMA,0.8533115134985185,1.1432690550953417,2.861195600889731,0.7083989504253886,0.7514482826894342,0.17060951064085805
Sylhet,2014,SVR,0.8567290628230482,1.14031069720251,2.8557376713604152,0.7112361187000764,0.7527329384450792,0.12735095881897218
Sylhet,2014,XGB,0.9316956011454263,1.1666874708388488,3.0650685159271345,0.7734715581902404,0.7411614615401942,0.21129782523702506
Sylhet,2014,ANN,1.140179876464294,1.352246833819107,3.7375199849956275,0.9465502515862367,0.65227828137932,0.157582213711235
Sylhet,2014,SARIMA+SVR,0.8683859065989368,1.1662768068418217,2.904391889018569,0.7209133535263782,0.7413436473677831,0.19772186483589882
Sylhet,2014,SARIMA+XGB,0.8472417166913384,1.1373514327427232,2.8393711866521287,0.7033599492874891,0.7540146578229228,0.17009614647766777
Sylhet,2014,SARIMA+ANN,0.8443579838278219,1.117160497346649,2.8204142260907608,0.7009659427593845,0.7626708890314201,0.16121545493833683
Sylhet,2017,SNAIVE,1.3633333333333333,1.7002418128672825,4.4811345020641,1.1303026115793835,0.5551195222785217,0.07957930385809851
Sylhet,2017,SARIMA,0.7829840712974313,0.9290809712143693,2.637286462011352,0.6491508121852407,0.8671599304286896,0.18858954985017815
Sylhet,2017,SVR,0.6704952054006108,0.8340606791050635,2.218675056069841,0.5558893508917596,0.8929424603158369,0.10627174401531034
Sylhet,2017,XGB,1.0276979022555883,1.2230370519438714,3.2847360047788947,0.852036398166855,0.7698021875388016,0.31956712583991975
Sylhet,2017,ANN,0.8724584104392723,1.069901300483986,2.80241022994187,0.7233315548757265,0.8238391510005311,0.30215209761018746
Sylhet,2017,SARIMA+SVR,0.7410687816943422,0.8995671385481064,2.4903183590080835,0.6143999848232766,0.8754656586466356,0.14899345542417028
Sylhet,2017,SARIMA+XGB,0.7868380456084147,0.9435771439741835,2.6532324702711443,0.6523460375363394,0.8629822634543105,0.1540413271284945
Sylhet,2017,SARIMA+ANN,0.7386507475055052,0.8677101785810599,2.447597731233117,0.6123952583989264,0.8841299090850342,0.2260229333853717
Sylhet,2020,SNAIVE,1.1797222222222223,1.3437809427961922,3.7894821618485675,0.9854971574428589,0.7236729218430182,-0.3795842692921094
Sylhet,2020,SARIMA,0.8305603877336026,1.0594123735030618,2.6290331500427007,0.6938200245599186,0.8282500689253918,-0.05675710980639544
Sylhet,2020,SVR,1.0075916220484984,1.1701192904633382,3.197469916996492,0.8417054970123203,0.7904793813781864,-0.16398764038873342
Sylhet,2020,XGB,1.2517194324069554,1.5043259000263927,3.909304011069856,1.045641015585344,0.6537017035806771,-0.04531789629169433
Sylhet,2020,ANN,1.1820074022211964,1.390637999271551,3.7350340552777235,0.9874061139334742,0.7040661296292561,-0.15091917253602838
Sylhet,2020,SARIMA+SVR,0.8407063090579565,1.068887802654261,2.6629719510321213,0.7022955592548192,0.825164052316516,-0.05820644448231407
Sylhet,2020,SARIMA+XGB,0.8414261428532532,1.0670171313924373,2.679058085387075,0.7028968822999679,0.8257754811045532,-0.03901816545824126
Sylhet,2020,SARIMA+ANN,0.8952876287478012,1.1186238597284746,2.820556986991811,0.747890814129733,0.8085150497893545,-0.04168787467911417
Srimongal,2011,SNAIVE,0.9763888888888892,1.1238908112248078,3.2060408792160904,0.9204165491681104,0.8608433765050391,0.0970560905911614
Srimongal,2011,SARIMA,0.8124455814813459,0.9978930786822454,2.6574019957311403,0.7658714340193971,0.8902956970639416,0.12596069435941729
Srimongal,2011,SVR,0.9004488899564647,1.0732128145088267,2.915525829008384,0.8488298765250482,0.8731100165455368,0.09103344221698179
Srimongal,2011,XGB,0.9700329547458225,1.1952432322061357,3.1377728509607365,0.9144249744612756,0.8426132280268728,0.21767857521271336
Srimongal,2011,ANN,0.9541715731905297,1.1604537841276943,3.079497903143176,0.899472860357668,0.8516418737546986,0.13010541055840955
Srimongal,2011,SARIMA+SVR,0.8130040501144298,0.9970894378951994,2.664984137926849,0.7663978879538192,0.8904723239066522,0.1337591557892326
Srimongal,2011,SARIMA+XGB,0.8059404644799201,0.99794603436983,2.632207847226588,0.7597392284909208,0.8902840532895453,0.1346802318219802
Srimongal,2011,SARIMA+ANN,0.8765390032991615,1.061908877449083,2.8345176783716446,0.8262906448535784,0.8757689532856971,0.08640038651022569
Srimongal,2014,SNAIVE,1.0858333333333343,1.4574664089897016,3.547846833213701,1.029458239277653,0.6345269682880046,0.13314248120089167
Srimongal,2014,SARIMA,0.6811510873725835,0.9391369570260913,2.244709621185136,0.6457865839649773,0.8482544059402546,0.19676714498861633
Srimongal,2014,SVR,0.7726898509232794,1.061089020083432,2.546854416037674,0.7325727706270367,0.8062856165037421,0.2144750557102637
Srimongal,2014,XGB,0.9070676294962562,1.093024638080866,2.948986002721184,0.8599738248045767,0.794449692533842,0.0480473891205051
Srimongal,2014,ANN,0.8940277526759329,1.1377634892461113,2.9190245285841394,0.8476109619049474,0.7772784635461454,0.1372488135479668
Srimongal,2014,SARIMA+SVR,0.6901461265681956,0.9459527905727378,2.2703691340587446,0.6543146120962575,0.8460438106787096,0.20965052591867003
Srimongal,2014,SARIMA+XGB,0.6802537093113172,0.9386321198773683,2.242395719006128,0.644935796638269,0.8484175050969878,0.1945551221739809
Srimongal,2014,SARIMA+ANN,0.7699595619635157,1.026006692595417,2.5126450062859194,0.7299842348186829,0.8188832506558051,0.21070887193854534
Srimongal,2017,SNAIVE,1.1225000000000007,1.4190088481440533,3.7838540205660856,1.067165492957747,0.7702406352553236,0.25262602299555054
Srimongal,2017,SARIMA,0.7056342683120578,0.8599682401832093,2.3718691773328597,0.6708494804375196,0.9156144977257576,0.35774419255392403
Srimongal,2017,SVR,0.7512610918852363,0.9170688267507155,2.4911122203252694,0.7142270943979357,0.9040363237470014,0.3127421137171911
Srimongal,2017,XGB,0.9401752811008031,1.1389419887603727,3.121479516165068,0.8938286123141436,0.8519848317638424,0.5315374258898792
Srimongal,2017,ANN,0.9296888951285192,1.082588360323245,3.017278409208569,0.8838591608616202,0.8662697299602844,0.3590473568487935
Srimongal,2017,SARIMA+SVR,0.7084243792855366,0.8672509454366297,2.3825513704996424,0.6735020507292072,0.9141791960175268,0.3817436655059121
Srimongal,2017,SARIMA+XGB,0.7025734424857564,0.8599570259480309,2.3578702816680246,0.667939540391388,0.9156166985342382,0.364087621549655
Srimongal,2017,SARIMA+ANN,0.7468189662556718,0.9226064304206959,2.464541505465765,0.7100039467923639,0.9028738957752812,0.4006041316640136
Srimongal,2020,SNAIVE,1.1600000000000001,1.377999758103511,3.7343853256019224,1.1046340535982937,0.7642757840399095,0.08495572084405954
Srimongal,2020,SARIMA,0.937129010914362,1.1122391207969242,2.9156223415814932,0.8924005328197337,0.8464314618521626,0.01794014856437833
Srimongal,2020,SVR,1.059722966045831,1.2273600342158837,3.332752084093591,1.0091431686848389,0.8129964408836984,-0.049152090425465596
Srimongal,2020,XGB,1.2511436907450357,1.4469277796680233,3.8779513931422565,1.1914275230531195,0.7401039812343022,0.06526513016155927
Srimongal,2020,ANN,1.1082318698067226,1.358074665277811,3.467296078395411,1.055336778165014,0.7710433761734097,0.13698059561302459
Srimongal,2020,SARIMA+SVR,0.923925708465084,1.093704096963995,2.878710577329638,0.8798274142805699,0.851507132051607,0.009124324777812389
Srimongal,2020,SARIMA+XGB,0.9489128571026986,1.1228346345800526,2.953255296021738,0.9036219447007692,0.8434916482362274,0.018325805022918803
Srimongal,2020,SARIMA+ANN,1.0943670759486948,1.281989150796162,3.4109774937842405,1.0421337407152744,0.7959791197734026,0.033438210879798966
Bhola,2011,SNAIVE,0.8519444444444443,1.000692815558856,2.7528595558496374,1.0759661053540583,0.8654055727764811,0.0680531233812484
Bhola,2011,SARIMA,0.6841524834549284,0.856442749993105,2.232764722248606,0.8640526831198901,0.9014124237654536,0.21692052051884744
Bhola,2011,SVR,0.7029995324786247,0.8656038491131676,2.265716026360247,0.8878556271588848,0.8992920227840651,0.16984857262197062
Bhola,2011,XGB,0.744926077524821,0.9071966499856288,2.413860647896957,0.9408068984283684,0.8893813406490785,0.2613140073727418
Bhola,2011,ANN,0.7788879240549669,0.9611473484506431,2.4965718050460612,0.9836991268828921,0.875833208380579,0.21122892606028718
Bhola,2011,SARIMA+SVR,0.6421786784996275,0.8224877041958184,2.101269950275593,0.8110417247890372,0.9090747835878755,0.1727951656091059
Bhola,2011,SARIMA+XGB,0.6837065406207018,0.8558074176912234,2.2261867494522423,0.8634894781155236,0.9015586393513947,0.20105458692488062
Bhola,2011,SARIMA+ANN,0.7056754937950481,0.8794271422450229,2.2732878249533255,0.8912352415157667,0.8960498199804029,0.1492294136314559
Bhola,2014,SNAIVE,0.9641666666666665,1.22398824431537,3.114040646282746,1.2120320255406178,0.7402212945055446,0.2713270492319301
Bhola,2014,SARIMA,0.7104439403517984,0.8895638482928294,2.2640632805494967,0.8930829469915106,0.8627844581746655,0.1811351453610553
Bhola,2014,SVR,0.7434010355167514,0.9667885654958417,2.3670213895825665,0.934512563042034,0.8379264796421975,0.209012430561018
Bhola,2014,XGB,0.8043843650817872,1.0336871467216766,2.5477531595507314,1.0111733220293337,0.814720535349749,0.24916133758090833
Bhola,2014,ANN,0.8298943828681957,1.0392795181697851,2.7005233723465945,1.0432413861910323,0.8127103440776382,0.3202255928599397
Bhola,2014,SARIMA+SVR,0.685756933309855,0.86064648313616,2.190298330212528,0.8620494709504575,0.8715604865187072,0.17946149115777082
Bhola,2014,SARIMA+XGB,0.7183128992864225,0.9037859818856375,2.286678507357307,0.9029748366057838,0.8583618463297666,0.18813303180488133
Bhola,2014,SARIMA+ANN,0.7806404541724742,0.982566519585404,2.4855205611389275,0.9813253907238844,0.8325932449157197,0.2043837570194856
Bhola,2017,SNAIVE,0.9033333333333334,1.200624837324299,3.0253687528000746,1.1316815144766148,0.8068808222527216,0.09960172333904398
Bhola,2017,SARIMA,0.6926063695371674,0.8408161349527058,2.291263144012811,0.8676861533734002,0.9052862938237565,0.2536513365849732
Bhola,2017,SVR,0.770662671086499,0.9540949228525452,2.565438687585828,0.9654738362720617,0.8780465961358019,0.4026696853386971
Bhola,2017,XGB,0.7995604387919106,0.9811817337352589,2.575560940313094,1.0016764962593536,0.8710237736558951,0.27219562545654913
Bhola,2017,ANN,0.6417544900645148,0.8263637653889363,2.111318226465717,0.8039797342122262,0.9085142845705724,0.2345035635417639
Bhola,2017,SARIMA+SVR,0.6830192404393837,0.827219814608912,2.262302913041279,0.8556755517753972,0.9083246420827744,0.23438828524847174
Bhola,2017,SARIMA+XGB,0.7027785447968484,0.8519163490979833,2.318699011100646,0.8804296914214416,0.9027690200987672,0.257120345710524
Bhola,2017,SARIMA+ANN,0.7220176297945823,0.8726377939811374,2.3603136027442746,0.9045321085956627,0.8979815329004153,0.25419313483512856
Bhola,2020,SNAIVE,0.8622222222222218,1.1016149760944405,2.7655389880091246,1.065202470830473,0.8314385702141714,0.3394820980564014
Bhola,2020,SARIMA,0.8118270305369372,0.9502824940551496,2.5555571131875716,1.0029434831616246,0.8745692551279898,0.18732024059747215
Bhola,2020,SVR,0.9295532980422547,1.0709042907963084,2.935825475351873,1.1483843078078646,0.8407058374767951,0.22562868705863626
Bhola,2020,XGB,1.157656695048014,1.3151054775916005,3.6030872428892127,1.4301867200318636,0.7597741620272378,0.20985958888406206
Bhola,2020,ANN,0.9408219645818569,1.0915255232756123,2.973200855406143,1.1623057901491711,0.8345120659312725,0.3058088222004656
Bhola,2020,SARIMA+SVR,0.7918243161247518,0.9263528550453055,2.5004184254555017,0.9782318249996934,0.8808068129335972,0.16039207804635022
Bhola,2020,SARIMA+XGB,0.831980350606086,0.9736118888695252,2.620154515323969,1.0278412018469147,0.868335019062103,0.17806734518816703
Bhola,2020,SARIMA+ANN,0.9424442194663606,1.0664609327694914,2.963743836718375,1.1643099485514408,0.8420249704943278,0.1818345489689288
Mymensingh,2011,SNAIVE,0.8927777777777776,1.061175972421372,3.066005346160796,0.8729316396456624,0.8875022295576017,-0.18765714850854842
Mymensingh,2011,SARIMA,0.81979225392294,1.0292618835109026,2.810235330867786,0.8015685584905897,0.8941670554946616,0.08464764808923983
Mymensingh,2011,SVR,0.7543249910214089,0.9357402510699873,2.596421227517659,0.7375566099741337,0.9125258518687295,-0.0065452618688917824
Mymensingh,2011,XGB,0.8564643690321178,1.0683255401238956,2.9503383858044296,0.8374254652913068,0.8859812378881058,0.12964303483449513
Mymensingh,2011,ANN,0.6922383814573592,0.9087526137337011,2.3413881840510395,0.6768501640524069,0.9174987658195635,-0.06517028560293284
Mymensingh,2011,SARIMA+SVR,0.866188438286813,1.0565622806125925,2.941160759858887,0.8469333718833121,0.8884783197779482,0.10196660375579694
Mymensingh,2011,SARIMA+XGB,0.8360693905443646,1.0444532409112908,2.857207513461664,0.8174838600508997,0.8910199248202058,0.08376020530390373
Mymensingh,2011,SARIMA+ANN,0.8853932404311246,1.050462242897991,2.9876561312216374,0.8657112579846362,0.8897623380678225,0.0450179093923826
Mymensingh,2014,SNAIVE,0.9916666666666667,1.34989917318953,3.3748314337265417,0.9727520435967303,0.7288779974569304,0.21653749251731497
Mymensingh,2014,SARIMA,0.7152460466195909,0.9645178141233254,2.434271791223077,0.7016037514524598,0.8615851751828925,0.24029722044708213
Mymensingh,2014,SVR,0.6733355058185083,0.9503250582132758,2.2776307151782214,0.6604925942633869,0.8656287173575387,0.2780042342464267
Mymensingh,2014,XGB,0.8716990725199381,1.0966812634925986,2.9042164200801714,0.8550726596925824,0.8210536071716538,0.2189936324413238
Mymensingh,2014,ANN,0.718324188125882,1.0132843409749324,2.4551766129041703,0.7046231818128543,0.8472346837754993,0.1984362538417349
Mymensingh,2014,SARIMA+SVR,0.8061430936651707,1.0307848591147906,2.7256194740855126,0.7907670673554809,0.8419122703936782,0.26396867741662405
Mymensingh,2014,SARIMA+XGB,0.7596139643133543,1.0038374311076594,2.5853497607254274,0.7451254145853067,0.8500698856656077,0.2527032591472221
Mymensingh,2014,SARIMA+ANN,0.8411747007499657,1.0743260335818077,2.841905821741568,0.8251304966484678,0.8282746932967093,0.2881694176749037
Mymensingh,2017,SNAIVE,1.071666666666667,1.3684683246445843,3.7801885348215416,1.0616595424608786,0.7905832263596574,0.1357911825619936
Mymensingh,2017,SARIMA,0.7206147288959223,0.8799647870719676,2.464074620446739,0.7138856952132641,0.9134090403412347,0.25250573062496284
Mymensingh,2017,SVR,0.8759974861099731,1.0652091120397482,3.023439449316021,0.86781750261312,0.8731145830288376,0.1841927622476676
Mymensingh,2017,XGB,0.8962706756591796,1.06587863538915,3.0184639598135665,0.8879013829935554,0.8729550285406649,0.3117491425832289
Mymensingh,2017,ANN,0.879639120825206,1.0454401733922403,3.0098386436511566,0.8714251320802278,0.8777805471414423,0.2972656946394824
Mymensingh,2017,SARIMA+SVR,0.7306441078366988,0.9052043586159148,2.479082878483186,0.7238214207411939,0.9083705165244349,0.26280504714470143
Mymensingh,2017,SARIMA+XGB,0.72351106921405,0.8844208236130144,2.4716015806093257,0.7167549897734081,0.9125298473519793,0.24577940552540467
Mymensingh,2017,SARIMA+ANN,0.7642784781527111,0.9481876481215968,2.5681854030321656,0.7571417164183237,0.8994619279958868,0.26849404679134675
Mymensingh,2020,SNAIVE,1.0263888888888888,1.2100631296662903,3.3789093348609236,1.0214236351071182,0.8450372301645993,-0.12982623502691518
Mymensingh,2020,SARIMA,0.9015254056463236,1.1038359275759173,2.9007708995471457,0.8971641908297899,0.8710502915494931,-0.05903886281559834
Mymensingh,2020,SVR,0.9197938350914264,1.073114812633996,2.9668929807472004,0.9153442450115095,0.8781280687759785,-0.10170982365385688
Mymensingh,2020,XGB,1.0348887803819444,1.1972339603941928,3.3520897620784447,1.029882407567381,0.8483056628137169,-0.03517356466221896
Mymensingh,2020,ANN,0.8958821833000992,1.039409669199929,2.9279562730858815,0.8915482681079081,0.8856635196720416,-0.044686731495085535
Mymensingh,2020,SARIMA+SVR,0.9540860805533187,1.153182554701709,3.075892460522669,0.949470598477387,0.8592632747363549,-0.0920534989612573
Mymensingh,2020,SARIMA+XGB,0.9147957715484425,1.1188884984021201,2.943173541936221,0.9103703600758517,0.8675094408480291,-0.05886974417902839
Mymensingh,2020,SARIMA+ANN,1.0693907105259655,1.2585339609714694,3.445386253198024,1.0642174313458124,0.8323740730617954,-0.06774829123696473
