station,model,MAE,RMSE,MAPE,MASE,R2,ACF1,MAE_h1_12,MAE_h13_36,MAE_summer,MAE_top10
Barisal,SNAIVE,0.7868055555555554,1.0562453155714664,2.559954509682137,0.9611720177499344,0.854364480725119,0.2125040644705817,0.75875,0.8008333333333332,0.9566666666666666,1.055333333333332
Barisal,SARIMA,0.6101626084156639,0.7694899470166993,1.9905977905441636,0.7453826696385557,0.9227063853456241,0.23671250359772872,0.6123243658929961,0.6090817296769978,0.7056484383750568,0.8972023817409849
Barisal,ANN,0.7120521178222738,0.8912258858306402,2.3058851938261786,0.869852234771141,0.8963156280691587,0.29141447117076796,0.7460138338537314,0.695071259806545,0.7550293202757569,0.9177291147242935
Barisal,SVR,0.6592188752154476,0.8187224630723269,2.123112737256096,0.8053104505372735,0.9124993802088366,0.19749769983623033,0.661906093262577,0.657875266191883,0.7751351887503396,1.1012056578176892
Barisal,XGB,0.7654530208333336,0.943353998206396,2.4373700356454755,0.9350874804228663,0.8838318412728599,0.25598902298775883,0.6861186458333335,0.8051202083333336,0.8868751250000003,1.3987453333333326
Barisal,LSTM,0.7015695660297449,0.897420731032396,2.2678094955491392,0.8570466115946764,0.8948692137221355,0.33437787703788246,0.7461277507167927,0.6792904736862209,0.7706032866860429,0.9939627403418214
Barisal,SARIMA+ANN,0.6597660744496012,0.8113269385603529,2.129557976505856,0.8059789163205777,0.9140730277389513,0.2326352185734498,0.6425208778721642,0.6683886727383198,0.7436510654256839,1.0460137702257717
Barisal,SARIMA+SVR,0.6102420824444013,0.7717160399288221,1.9935680974439915,0.7454797561576083,0.9222585259484852,0.2275523362305331,0.6154871018389726,0.6076195727471156,0.7143858818106779,0.8416369341705813
Barisal,SARIMA+XGB,0.6117106731675567,0.7731038744416513,1.994251145788771,0.7472738059055507,0.9219786579385818,0.23325129701397676,0.6187857034194608,0.6081731580416047,0.7120475745863142,0.9337760976835867
Barisal,SARIMA+LSTM,0.6254391122501245,0.7811577634011541,2.0418115888838875,0.764044647697881,0.9203445998824316,0.24799224877549422,0.5921741651118856,0.642071585819244,0.7119465360831673,0.9213425053500004
Bhola,SNAIVE,0.8954166666666666,1.1351859857407605,2.914451985735396,1.1308694948186528,0.8176351360675798,0.2745174114185553,0.8462499999999994,0.9200000000000003,1.0810416666666667,1.2426666666666661
Bhola,SARIMA,0.7247574559702078,0.8852720790115576,2.3359120649996212,0.9153348699105603,0.8890925655736628,0.25110746138630435,0.6359600324738314,0.7691561677183961,0.7877739868778552,1.2828129263008534
Bhola,ANN,0.7978396903923836,0.9846587204497306,2.570403564816129,1.0076343240059247,0.8627922672515875,0.31680022304170075,0.6801787781732814,0.8566701465019347,0.8304587935039929,1.0934679904189821
Bhola,SVR,0.7866541342810324,0.9670940073012534,2.533500394720128,0.9935074882435317,0.8676437331350366,0.30968240746662773,0.6299277551608627,0.865017323841117,0.8128119489002096,1.3202352485685944
Bhola,XGB,0.8766319305555554,1.0704829943282481,2.785065603656487,1.1071452490824696,0.8378314363990431,0.3360341296085441,0.6935403541666663,0.9681777187500001,0.9227796874999997,1.5052261333333332
Bhola,LSTM,0.901104204724025,1.0749285621051763,2.8921682620186413,1.1380525901631144,0.8364817123797688,0.3687763212070223,0.8322999991880106,0.9355063074920323,0.9804670460894699,1.5163873855272922
Bhola,SARIMA+ANN,0.7876944493071163,0.9536331454672786,2.520716456388725,0.9948213576093761,0.8713025920836651,0.2463283570006798,0.6677565986232027,0.847663374649073,0.840148384236564,1.370370255480414
Bhola,SARIMA+SVR,0.7006947920934046,0.8601773983051606,2.263572404746226,0.884944847527292,0.8952912008258018,0.22877898944245603,0.6186602573268193,0.7417120594766972,0.7497490471866416,1.169007851448184
Bhola,SARIMA+XGB,0.7341945838275143,0.897624227229416,2.3629296958085395,0.9272535223210187,0.8859760040511961,0.24810601656093145,0.6471540718510855,0.7777148398157289,0.7975390180263323,1.3111814409684288
Bhola,SARIMA+LSTM,0.7196839593863884,0.8870722934162745,2.33225868140991,0.90892728031312,0.8886410429994428,0.3106262936388497,0.6098171770760198,0.7746173505415728,0.7951037334496039,1.1873751871951215
Bogra,SNAIVE,1.0896527777777776,1.394121338175252,3.6299646844880247,0.9635292672788419,0.8208548839704084,0.17812744268064054,1.004166666666667,1.132395833333333,1.28,1.6068749999999987
Bogra,SARIMA,0.7973925511265931,1.0399732913541246,2.647425297383464,0.7050971430435807,0.9003107805825767,0.22063256599501357,0.7119657818742926,0.8401059357527435,0.9667230945477178,1.3237341683851778
Bogra,ANN,0.8544344547622784,1.0951897265422168,2.828552388738028,0.7555366451814728,0.8894439417214945,0.1698579153764238,0.8655806118215493,0.848861376232643,0.9788127942866329,1.2685444209399233
Bogra,SVR,0.8204604003955407,1.0405361723794921,2.7107475005686896,0.7254949691741546,0.9002028386651926,0.15531202010549797,0.8075729258318444,0.8269041376773888,0.9789073724104261,1.2788231579252503
Bogra,XGB,0.9569208194444447,1.1740940681579544,3.148343855907429,0.8461605704190759,0.8729397775189508,0.22485287781993474,0.9284146041666675,0.9711739270833334,1.1138056458333334,1.4851326874999997
Bogra,LSTM,1.018612104271436,1.2720428840545035,3.403052970088103,0.9007113040831198,0.8508554701943581,0.2536694307496826,1.0227292176056666,1.0165535476043208,1.0306069498509174,1.292836124785247
Bogra,SARIMA+ANN,0.8505252601607007,1.1017104680059437,2.8042951112752346,0.752079926227578,0.8881235246442926,0.2198989646590507,0.7547718234602829,0.8984019785109097,1.0111606856781548,1.5252561068484
Bogra,SARIMA+SVR,0.7938992801060722,1.0434656684402626,2.639621847546242,0.7020082059661448,0.8996401154397625,0.22051179412827845,0.7005079785778262,0.8405949308701951,0.9900007052752583,1.2849222418352881
Bogra,SARIMA+XGB,0.7924093072932089,1.0334323714895446,2.6290574681919696,0.7006906923123262,0.9015608292816346,0.21539760881423992,0.7089299409752985,0.8341489904521641,0.961211871416784,1.3238110611709057
Bogra,SARIMA+LSTM,0.8372821026104358,1.080835350483164,2.779299162359553,0.740369617998118,0.8923230104967013,0.26609906809900724,0.7469476557767475,0.8824493260272801,0.989555923364132,1.4331014050490816
Chittagong,SNAIVE,0.8370833333333334,1.0508191249369863,2.7493938467234607,0.9908817280453259,0.7951804407402658,0.21719552288795954,0.84375,0.8337500000000002,0.8520833333333333,0.9880000000000005
Chittagong,SARIMA,0.7122601851996698,0.8753614969062226,2.336320805267143,0.8431246627717662,0.8578684897521396,0.31340310071300376,0.6586260092013105,0.7390772731988494,0.6445749183127485,1.1207608787749102
Chittagong,ANN,0.847739664721403,1.0343844458153506,2.739427251163894,1.0034959608701353,0.8015370450738155,0.2796633373017382,0.7689180913180836,0.8871504514230629,0.9119343913859982,1.3829758317304668
Chittagong,SVR,0.7407761418788391,0.9359173539281712,2.411211319194603,0.8768798927541904,0.8375235240701757,0.2988592130271532,0.7289280400845678,0.7467001927759748,0.7445648193762944,1.1832117686144485
Chittagong,XGB,0.8491754166666667,1.0274201168106358,2.7422859354643614,1.0051955053622017,0.80420048107985,0.3444105371622452,0.7477109791666668,0.8999076354166666,0.8378874166666668,1.5032596
Chittagong,LSTM,0.889087651261232,1.053931981356655,2.889589062320959,1.0524408660214908,0.7939651636067555,0.3422792207712402,0.8083775243038932,0.9294427147399015,0.9210004831850528,1.513407858133316
Chittagong,SARIMA+ANN,0.7801058989446515,0.9471823853469568,2.535959074613764,0.9234357565411193,0.8335887371312644,0.320349370029442,0.6962037965053064,0.8220569501643241,0.7570540777742686,1.3247945545534467
Chittagong,SARIMA+SVR,0.7042406346314392,0.8669779365844643,2.3126145859847385,0.8336316698895021,0.8605779123580475,0.3000603772420429,0.6665403271214684,0.7230907883864246,0.643354434568644,1.0867109472691105
Chittagong,SARIMA+XGB,0.7051771247726093,0.8696557204385845,2.316524155530981,0.8347402225657152,0.8597153326786628,0.3192218852600698,0.6494708789152034,0.7330302477013122,0.6419954875179797,1.0827990072254225
Chittagong,SARIMA+LSTM,0.7015005651416275,0.8622217100238692,2.2982508013518883,0.8303881639171431,0.8621034508233044,0.262645720149942,0.6421851806145843,0.7311582574051491,0.644014104367304,1.1030427596605998
Comilla,SNAIVE,0.9531944444444442,1.2370630541730683,3.151285791868988,1.0463853443422777,0.7939363905254321,0.2868136438292887,0.8662500000000003,0.9966666666666661,1.1991666666666667,1.5026666666666666
Comilla,SARIMA,0.702307394349456,0.9166909869104383,2.331262403560529,0.7709698361689467,0.8868476567045565,0.302121576517667,0.6598631870231444,0.7235294980126118,0.8092930155652213,1.297012568645662
Comilla,ANN,0.8472116904890616,1.0635858092000166,2.7819573123954395,0.9300409813024976,0.8476779773414872,0.3803495854617424,0.7821255718933156,0.8797547497869349,0.9067351314190851,1.4708062324325004
Comilla,SVR,0.7146733635381014,0.9222932139957561,2.3452085072151534,0.7845447882713253,0.8854604015834162,0.2831370057030532,0.6329180052373292,0.7555510426884876,0.8173798425942232,1.460270675217315
Comilla,XGB,0.7653803541666669,0.9818584553187513,2.5059866159815067,0.8402092459889287,0.8701878333850251,0.2974857768240634,0.6977449166666668,0.799198072916667,0.8329066875000009,1.6982509333333347
Comilla,LSTM,0.8102649136601636,1.0354257401382023,2.6519705656000823,0.8894820313214404,0.8556371178821445,0.4044534615396995,0.7659412930657467,0.832426723957372,0.9353396081427735,1.542327828764915
Comilla,SARIMA+ANN,0.741734342263416,0.9524669506002973,2.441201718665416,0.8142514359619033,0.8778432527484583,0.30950152366568795,0.6751301510782453,0.7750364378560013,0.820615743564113,1.4632023058919914
Comilla,SARIMA+SVR,0.6948623290304382,0.9126506393053098,2.311528825736782,0.7627968896280846,0.887842904391724,0.2930865414442399,0.655983147598954,0.7143019197461803,0.8036821775722848,1.1847927266102651
Comilla,SARIMA+XGB,0.7015686488622512,0.9152384874439489,2.3325572790645994,0.7701588657992435,0.887205953035921,0.29447568616423475,0.6646016643568696,0.720052141114942,0.796241982525799,1.2524058205465336
Comilla,SARIMA+LSTM,0.7036515807102196,0.9108051675031469,2.329935564473347,0.7724454395111248,0.8882960317515887,0.28467568993538567,0.6479728975229915,0.7314909223038337,0.8091209036298013,1.3379455921965677
Cox's Bazar,SNAIVE,0.8571527777777773,1.069760811791329,2.770081779964524,1.071698592076086,0.6863787414897085,0.3746978037053238,0.8174999999999994,0.8769791666666662,1.0166666666666655,1.087999999999998
Cox's Bazar,SARIMA,0.6297630944680435,0.8064989065998595,2.061192120856263,0.7873931452834396,0.8217458333593262,0.2683286771903959,0.6388250103663627,0.6252321365188839,0.6323220787597801,0.44325158896889527
Cox's Bazar,ANN,0.8479020758771494,1.0230219599557901,2.7167783031809485,1.0601324343739302,0.7131848835761052,0.5530688162619329,0.7031601441450457,0.9202730417432013,0.92930155675069,1.0302430071657065
Cox's Bazar,SVR,0.6127944489335351,0.7663690589207128,1.9917004461278656,0.766177238387685,0.8390436744408947,0.2579043363206577,0.616067724778136,0.6111578110112346,0.6492140458588246,0.5676849280272488
Cox's Bazar,XGB,0.732917284722222,0.8891126461889737,2.3641502322004007,0.9163668864043167,0.7833564821446053,0.3758453475677259,0.6830443958333335,0.7578537291666664,0.7780402499999995,0.9151977999999985
Cox's Bazar,LSTM,0.798072015256104,0.9700957093055436,2.5727234008669826,0.9978298820225392,0.7420940915020445,0.34386547866960554,0.6895677391812209,0.8523241532935456,0.8582261522735166,1.0879871491591147
Cox's Bazar,SARIMA+ANN,0.6134837174931558,0.773344341500016,1.9988584519400405,0.7670390312489563,0.8361003792552937,0.2824491192256323,0.620238895453665,0.6101061285129012,0.6361455593422245,0.5216175141461619
Cox's Bazar,SARIMA+SVR,0.6389529456727348,0.8180146701742227,2.091951669336006,0.7988832213268142,0.8166190117104064,0.2619394522062616,0.6562119674857871,0.6303234347662086,0.6383666915967835,0.44769722734915024
Cox's Bazar,SARIMA+XGB,0.6331610443616921,0.8090795704189869,2.0725545131710734,0.7916416039145944,0.8206032402091717,0.2836443940813702,0.6363251285110341,0.6315790022870211,0.6293724534381941,0.42990105553098107
Cox's Bazar,SARIMA+LSTM,0.608156054954186,0.7694052657478548,1.9856025131207395,0.7603778518301916,0.8377657920681802,0.263207270062422,0.6200389084780323,0.6022146281922628,0.6194487768782196,0.49779928999666556
Dhaka,SNAIVE,0.9533333333333334,1.2363779986539534,3.112374815865037,0.9300231380151338,0.8455933232642561,0.22350224803768223,0.9214583333333334,0.9692708333333332,1.1750000000000003,1.5566666666666669
Dhaka,SARIMA,0.7383070046389171,0.9333888913487114,2.3895991574508613,0.7202544726638177,0.9119987592978587,0.24339656647388289,0.7098900469988246,0.7525154834589635,0.845458200909596,1.326660544099634
Dhaka,ANN,0.838187479009145,1.040494503636019,2.714651846067213,0.8176927442025306,0.8906438731015197,0.3169233813605797,0.8348566375699571,0.8398528997287388,0.9342970793849664,1.2154102042935155
Dhaka,SVR,0.7974457225700087,0.9837467205616679,2.5713582743159145,0.7779471747915789,0.9022469909841324,0.22673032516493832,0.7944018916365011,0.7989676380367624,0.9220649172234149,1.3795547270093
Dhaka,XGB,0.8574493124999999,1.0452383786957637,2.7504223515397164,0.8364836017134639,0.8896444359944486,0.2704754472210113,0.7659765000000002,0.9031857187499998,0.8852698333333336,1.4807850000000002
Dhaka,LSTM,0.9839013126316583,1.2246950768932647,3.1857357363012984,0.9598436918925566,0.8484976101710209,0.462696163534152,0.993957309213778,0.9788733143405984,1.0666732028499248,1.4537883223692565
Dhaka,SARIMA+ANN,0.8047773300921794,1.0015963630694746,2.5891581401613206,0.7850995153172411,0.8986674393680342,0.2506536647076883,0.7716671289525987,0.8213324306619697,0.8594844130941711,1.382269375349011
Dhaka,SARIMA+SVR,0.7111614662270589,0.9095428435699722,2.31150694619653,0.6937726767020275,0.9164378007222888,0.2221298879260671,0.6982928059003388,0.717595796390419,0.8561957472173152,1.220430397394334
Dhaka,SARIMA+XGB,0.7351119534898144,0.9299443964200703,2.3770258640873867,0.7171375445213625,0.9126470646868763,0.23723087869375423,0.6991806652783076,0.7530775975955676,0.8456459145139386,1.3394796476237232
Dhaka,SARIMA+LSTM,0.7474530643910176,0.939154268775115,2.420411902341334,0.7291768997873727,0.9109082657023179,0.24065257287046787,0.7080573321312311,0.7671509305209105,0.8460915499677902,1.316721436199171
Faridpur,SNAIVE,0.9640972222222222,1.2683242991355868,3.1625430966428816,0.9946377003284618,0.8517854454440915,0.2651911760809716,0.9031249999999998,0.9945833333333333,1.1233333333333337,1.4646666666666681
Faridpur,SARIMA,0.746791126077445,0.9055259093659139,2.433594325454615,0.7704478253295514,0.9244504312946396,0.24561266275273716,0.6768754929106193,0.781748942660858,0.8461476818599943,0.9665974609083852
Faridpur,ANN,0.9069619627188958,1.1106677038401527,2.9401222579471056,0.9356925215537848,0.8863423913221953,0.2836880532517772,0.828492271590281,0.9461968082832032,0.9100369506502494,1.0125302760399404
Faridpur,SVR,0.859435897920725,1.0229401345641564,2.765695623089792,0.8866609356235244,0.9035880950815668,0.2426339790225683,0.7988671489426485,0.8897202724097633,0.9385386512392967,1.1886863910493668
Faridpur,XGB,0.9634940486111111,1.1070879975467833,3.0872487129503443,0.9940154195048831,0.887073852577348,0.2620016942065049,0.7813433124999999,1.0545694166666668,0.9757292291666669,1.2355815333333349
Faridpur,LSTM,1.2054442474825509,1.6254288999518358,3.965465062699289,1.2436300681653196,0.7565744378413983,0.48535550284007684,0.9995560451845318,1.3083883486315602,1.3723192946116116,1.6041045201619448
Faridpur,SARIMA+ANN,0.830719464985657,0.9879104298373507,2.6714514527377196,0.8570348292954336,0.9100781220456976,0.2287633372345509,0.7455854683106707,0.8732864633231502,0.8962000930086083,1.1676812569940709
Faridpur,SARIMA+SVR,0.7427248058081263,0.910717533822332,2.425335589649365,0.7662526929837162,0.9235816558121089,0.2352613980040339,0.6995355454294536,0.7643194359974625,0.8769007926198876,0.9729654028250726
Faridpur,SARIMA+XGB,0.7487552536059261,0.9085226577009129,2.4366949626383088,0.7724741720952616,0.9239495562316276,0.24023032311145273,0.6895119893632335,0.7783768857272723,0.8712524727083636,1.0049539521487465
Faridpur,SARIMA+LSTM,0.7610074174302258,0.9244338589648129,2.4791084212721812,0.7851144575035729,0.9212624467660594,0.26317336643535205,0.6905957085599693,0.7962132718653541,0.849008099006741,0.986526753798951
Jessore,SNAIVE,0.9146527777777776,1.1928662377278985,2.870438899213391,0.9314710042432813,0.879872650898882,0.32284088702209207,0.9787500000000001,0.8826041666666665,1.1418750000000002,1.5386666666666675
Jessore,SARIMA,0.7151126109848653,0.9187693252249509,2.281432094175489,0.7282617820496506,0.9287358065736293,0.2872836668023701,0.7265551088582857,0.7093913620481554,0.9270962134608949,0.8990381228463273
Jessore,ANN,0.7968971051052611,0.9804230611860458,2.4955745386382264,0.811550092893618,0.9188505770229211,0.3092948785261159,0.8642869669687107,0.7632021741735363,1.0115609721586774,1.093281809731504
Jessore,SVR,0.7989876883890347,0.9944423569659061,2.4871218137236495,0.8136791168884087,0.9165132358811443,0.27005529668035433,0.9114283866119454,0.7427673392775794,1.0257653084993834,1.2075831416597613
Jessore,XGB,0.8203655625000001,1.0282543138416584,2.5343980107845274,0.8354500777934937,0.9107394660615658,0.30901979471578933,0.9103072500000001,0.7753947187500002,1.0419227708333338,1.336551866666667
Jessore,LSTM,0.9618133238154564,1.2222932622116427,3.0386737947747178,0.9794987173226712,0.8738726603270763,0.39213914689723567,1.0451619146143398,0.9201390284160146,1.1343536399553218,1.319034718672433
Jessore,SARIMA+ANN,0.6998673932208662,0.8837450691156017,2.207474184619312,0.7127362420353941,0.9340655470410828,0.26420523548793384,0.7401777296001715,0.6797122250312135,0.8978948129327121,0.9403975975701168
Jessore,SARIMA+SVR,0.7162728566277019,0.9171492143839961,2.283478676558664,0.7294433617707855,0.9289869122530788,0.2753898379830386,0.7394625672681077,0.704678001307499,0.9259580953809908,0.9241506912045533
Jessore,SARIMA+XGB,0.725068459980186,0.9258709628643419,2.3124427362927453,0.7384006947464411,0.9276298741308984,0.2810259354969083,0.7434636364575841,0.7158708717414871,0.9489202577333539,0.9215964415457278
Jessore,SARIMA+LSTM,0.7193082446572725,0.9178722454768379,2.2868299033547297,0.7325345631587499,0.9288749023242211,0.3126072376395436,0.7355185063808983,0.7112031137954595,0.9092549489687723,0.9764027732649334
Khulna,SNAIVE,0.9167212500000004,1.2002853108422227,2.9386463662989954,1.0738793647217848,0.8704672490966416,0.36927961298277573,0.9404018750000006,0.9048809375000002,1.1093750000000002,1.474666666666667
Khulna,SARIMA,0.6902313172341548,0.8615970499580323,2.216942656039253,0.8085611285464305,0.9332549576480195,0.3504588250394555,0.6689906036389863,0.700851674031739,0.8479922624552746,1.0143182694092654
Khulna,ANN,0.7815944523044648,0.9639507845427074,2.49270317241607,0.9155871033978863,0.9164550259154753,0.3786249353563813,0.8313622853304898,0.7567105357914522,0.9096442942211004,0.9581450899240499
Khulna,SVR,0.7771314889917439,0.9407834630160522,2.4685759290501657,0.9103590319344601,0.9204225614305102,0.34636609167806026,0.7987535461592077,0.7663204604080119,0.9245075564099844,1.2202585869450522
Khulna,XGB,0.8439730972222224,1.0340539574125098,2.6709764630121775,0.988659631798954,0.9038615737885349,0.4324467661290224,0.8261451874999999,0.8528870520833336,0.985111895833333,1.5658686666666664
Khulna,LSTM,1.0739927729913594,1.4940057976339411,3.4976849523765168,1.2581127324971997,0.7993148802327966,0.5428592992180944,0.9318718591787413,1.1450532298976681,1.2500789214173953,1.2828301579157493
Khulna,SARIMA+ANN,0.7484383752309762,0.9122461711296455,2.378687056573539,0.8767469139898798,0.9251770710282795,0.33986728928132515,0.720764114336424,0.7622755056782524,0.887413339593949,1.1472849323126464
Khulna,SARIMA+SVR,0.6865575970252205,0.863144971830922,2.209603493218523,0.8042576040845115,0.9330149175540362,0.34037761123716254,0.6789028537468026,0.6903849686644294,0.8513154168742334,0.9863183593043118
Khulna,SARIMA+XGB,0.6890953238229578,0.8621956018634328,2.204450417409461,0.8072303860958281,0.9331621898070673,0.34403181700585794,0.6694041175541136,0.69894092695738,0.8486568557565102,1.05203595730665
Khulna,SARIMA+LSTM,0.7034362553387021,0.8708680124743824,2.2521782546668385,0.8240298553190474,0.931810848840388,0.3542295112161905,0.6828677181701742,0.7137205239229661,0.864039010569955,1.0578347889747965
Mymensingh,SNAIVE,0.995625,1.253523090688356,3.399983662392451,0.9734926040447935,0.8224825692278708,0.049240982734841676,0.9172916666666667,1.0347916666666666,1.1674999999999998,1.406666666666667
Mymensingh,SARIMA,0.7892946087711942,0.9978058954656022,2.6523381605211873,0.7717488653370359,0.887521773963105,0.1453762972178076,0.756309066686968,0.8057873798133072,0.8537358331256621,1.550577037155491
Mymensingh,ANN,0.7965209684271364,1.0032315392273037,2.683589928423061,0.7788145855421608,0.8862952308574363,0.1347659324387643,0.7533634332619105,0.8180997360097493,0.8658267673803923,1.3491845538163816
Mymensingh,SVR,0.8058629545103293,1.0080889577819505,2.7160960931897753,0.7879489025380957,0.8851915001286065,0.15186239317996283,0.7856968292645564,0.8159460171332157,0.8611310212368403,1.433228390701815
Mymensingh,XGB,0.9148306805555555,1.108320243692748,3.056276989118783,0.8944943140982784,0.8612263987686574,0.21789135637241136,0.8347894166666666,0.9548513124999999,0.9821690625,1.7223706000000003
Mymensingh,LSTM,0.8390027767130065,1.084310703928204,2.873846297483593,0.8203520380697121,0.867173778956926,0.21448318270709127,0.8330039859438934,0.8420021720975631,0.875001728733381,1.2776281275749184
Mymensingh,SARIMA+ANN,0.8900592824649417,1.0886476584683862,2.9607834022983486,0.8702735755339978,0.8661091148780681,0.15359011067637365,0.7867246856995648,0.9417265808476302,0.9044856708351059,1.7398981855385176
Mymensingh,SARIMA+SVR,0.8392654300855005,1.040200246817793,2.8054388932375645,0.8206088527494865,0.8777608751565615,0.15179091690094562,0.7618806419016465,0.8779578241774275,0.8928363727308021,1.6401145169496132
Mymensingh,SARIMA+XGB,0.8084975489050527,1.0164501740911598,2.714333099183159,0.790524930819749,0.8832791299550405,0.14177878052595505,0.7720992780843208,0.8266966843154187,0.8815849933380643,1.5754652830410625
Mymensingh,SARIMA+LSTM,0.7638513855405917,0.9807305825516145,2.58231722368844,0.7468712360709445,0.8913384830579922,0.15803827645413326,0.7339087955550578,0.7788226805333589,0.8270023045944771,1.4533839657547873
Rajshahi,SNAIVE,1.1049305555555555,1.4297408953295623,3.5119500709664617,1.0154494933626579,0.8741501574311767,0.3123849334820209,1.0691666666666662,1.1228125000000002,1.4608333333333334,2.1133333333333346
Rajshahi,SARIMA,0.8838456067534226,1.091283817039,2.7967913005460643,0.8122687612139692,0.9266815243046839,0.3002016978995406,0.8555423969655269,0.8979972116473705,1.14623798538247,1.4913382593276538
Rajshahi,ANN,1.0388241277275574,1.2638212979263481,3.2766458497688764,0.9546965905594548,0.9016647249156855,0.31306895653584066,1.042812044242473,1.0368301694700996,1.2182937021116655,1.4093054592481091
Rajshahi,SVR,1.0317771393785,1.2452202762390507,3.2292411267553,0.9482202914718755,0.904538036038208,0.3160940571050107,1.0059019399504774,1.0447147390925113,1.2697848001275078,1.7029162517343797
Rajshahi,XGB,1.0475486180555558,1.2192057156844958,3.2833348343463715,0.962714541768125,0.9084850646267401,0.315085139928656,0.999333020833333,1.071656416666667,1.1255433125000003,1.4602547333333333
Rajshahi,LSTM,1.3790527821125262,1.6901430612259067,4.379814336438254,1.2673723627929112,0.8241327668943341,0.4758857337744853,1.2427459812661017,1.4472061825357383,1.5564485791325573,1.7535547046661397
Rajshahi,SARIMA+ANN,0.9532801351592481,1.1455430661035118,2.997042907486882,0.876080243607195,0.9192093989362572,0.29370722620200324,0.9145763023715524,0.9726320515530961,1.1686529667134646,1.543770389950296
Rajshahi,SARIMA+SVR,0.8622557082935414,1.073222207856137,2.7351687583478763,0.7924272867044562,0.9290883976486936,0.28184447617862113,0.8372727084505192,0.8747472082150525,1.1522400513042308,1.427022856245777
Rajshahi,SARIMA+XGB,0.8780362648105664,1.0845906733175397,2.781817207150046,0.806929879686091,0.9275781310228564,0.2982994237851193,0.8257194295152313,0.904194682458234,1.1354780961370352,1.4778578615171152
Rajshahi,SARIMA+LSTM,0.9024500920827214,1.1150236351347607,2.8565404980797195,0.8293665915770826,0.9234568829735629,0.3231626249755235,0.8681948296011132,0.9195777233235255,1.1498375147859168,1.534534205264264
Rangamati,SNAIVE,1.0754861111111111,1.4328964935092523,3.4484288431978745,1.07857433677624,0.7037919792534955,0.26412121203430466,1.0641666666666665,1.0811458333333333,1.440416666666667,1.6546666666666672
Rangamati,SARIMA,0.7710428628173501,0.9921891432876161,2.4832638188186804,0.7732568889523849,0.8579778393133293,0.2237012553034191,0.8133121466045896,0.7499082209237304,0.9381037195576765,1.182875896363148
Rangamati,ANN,0.8761449607092484,1.0911534324295848,2.801749335467029,0.8786607843224796,0.8282333598407516,0.29615338156234544,0.8310706677547165,0.8986821071865144,1.03730222619204,1.4158944268771194
Rangamati,SVR,0.8219934773490467,1.0388121432667388,2.6241053770454483,0.8243538066244245,0.8443169935534454,0.22161724674560276,0.8079979191776205,0.8289912564347596,0.9752509483286743,1.4736434799750493
Rangamati,XGB,0.895856048611111,1.097779284423359,2.853802636811203,0.898428472013886,0.8261409761924887,0.24701492266359742,0.7556622291666661,0.9659529583333333,0.9931824166666665,1.527006333333334
Rangamati,LSTM,1.0489999556955363,1.3286600381120461,3.386501970443926,1.052012127170769,0.7453199535496897,0.44480303435468016,0.9538896055022869,1.0965551307921608,1.2179300402601558,1.8993099400202451
Rangamati,SARIMA+ANN,0.7992932175223415,1.0063136256926413,2.549776131118874,0.8015883636918868,0.8539054951821881,0.219593362104413,0.7836725450216537,0.8071035537726855,0.9760733677685072,1.4035691851036092
Rangamati,SARIMA+SVR,0.7665599204654912,0.9844922553701939,2.469466427570708,0.768761073967878,0.8601727609124344,0.20491736918946804,0.8155793977484552,0.7420501818240092,0.9348818076885381,1.1428726767944515
Rangamati,SARIMA+XGB,0.757544600701489,0.9784995319865969,2.4365587024114386,0.7597198669873075,0.8618698705069235,0.2134815320625579,0.777791680058578,0.7474210610229445,0.9262436944943649,1.2113712360398858
Rangamati,SARIMA+LSTM,0.7766838573524523,0.9895953811127051,2.493893238431125,0.7789140814317657,0.858719412058174,0.22675491404574874,0.7978751511272067,0.766088210465075,0.9431048763719129,1.2485970028019362
Rangpur,SNAIVE,1.1716666666666669,1.4756754573941915,4.0094256064044265,1.0909199427025311,0.8089028587555654,0.07393733435958737,0.9500000000000001,1.2825000000000002,1.2172916666666669,1.6386666666666665
Rangpur,SARIMA,0.9043568962700762,1.1182561403527664,3.048151139815018,0.8420321252872748,0.8902624993700707,0.16018039309453283,0.6894387947079134,1.0118159470511576,0.9095511454072805,1.6177091055250468
Rangpur,ANN,1.06095251273483,1.2760289044000421,3.577481524427238,0.9878357790066462,0.8571127409126288,0.1962250622362471,0.99963247006688,1.0916125340688048,1.0902827024458754,1.8777408468511325
Rangpur,SVR,0.968772527528502,1.184924621332056,3.255726417751423,0.9020084809870664,0.8767877385340357,0.1809246298774562,0.8448343594937336,1.0307416115458865,0.9664761897542554,1.7686493885300725
Rangpur,XGB,1.0913079583333334,1.3002504177473106,3.6711745049271465,1.0160992449864719,0.8516366997587083,0.2497404841946291,1.0281613958333333,1.1228812395833334,1.0546756875000003,2.082653666666667
Rangpur,LSTM,1.093375924024731,1.3561526933356467,3.7471328410522218,1.0180246945001874,0.8386051535460983,0.27833218100759743,0.8839822061670323,1.1980727829535802,1.087006108040611,1.6985344073375055
Rangpur,SARIMA+ANN,0.9958470595393322,1.2141996167627611,3.3489680726602438,0.9272171412231569,0.8706243143836709,0.17133553890779332,0.8001496959521438,1.0936957413329262,0.9861043973822564,1.707059936420855
Rangpur,SARIMA+SVR,0.8983038256964844,1.116733257261962,3.035516382720422,0.836396208869081,0.8905611851268556,0.14814587242923946,0.6672117379601955,1.013849869564629,0.9121120884279142,1.5891942671201131
Rangpur,SARIMA+XGB,0.8939909879615533,1.109465437491434,3.012321121235193,0.8323805951894141,0.8919810288772492,0.15108033333464962,0.6800082600145748,1.0009823519350427,0.9088700986261115,1.598833903236816
Rangpur,SARIMA+LSTM,0.9052463491724105,1.1161465301628635,3.05911805588384,0.8428602805441037,0.8906761523313103,0.17646082847569713,0.6884719357276646,1.0136335558947833,0.9161573278633711,1.6035551516003905
Srimongal,SNAIVE,1.0861805555555561,1.350907873740225,3.56803176464945,1.0239143133384365,0.7726281319408739,0.1998988161156925,1.03,1.114270833333334,1.2804166666666668,1.4886666666666675
Srimongal,SARIMA,0.7840899870200873,0.9816300291465565,2.547400783957658,0.7391413485988817,0.8799448112396867,0.22810867467432988,0.7249165522663974,0.8136767043969321,0.9016099652682484,1.4801700129598634
Srimongal,ANN,0.9715300227004262,1.1892774168517812,3.1207742298328234,0.9158362216972151,0.8237814561152633,0.22488471507111032,0.8524827215260052,1.0310536732876365,0.9664473245011096,1.7229594447750924
Srimongal,SVR,0.8710306997027027,1.075305019559093,2.8215611373662295,0.8210981095372535,0.8559382751773212,0.2016304457975472,0.7598200649252337,0.9266360170914374,0.933425484127,1.5389034022328996
Srimongal,XGB,1.0171048124999997,1.2261829285459265,3.2715471818331627,0.9587983971518347,0.8126749769247065,0.2890140792192843,0.8695185416666663,1.0908979479166665,1.0948622291666668,2.039284199999999
Srimongal,LSTM,0.9458950357304694,1.1638929399968734,3.063614912826145,0.8916707825844169,0.831223750595387,0.30385594987980385,0.8786545644265921,0.9795152713824081,0.9897667167087407,1.7273733235995006
Srimongal,SARIMA+ANN,0.8719211518667609,1.0810919254934384,2.8056704209768926,0.8219375157588609,0.8543835257881012,0.23297975166138954,0.7690421026743621,0.9233606764629604,0.9541784240439514,1.7106805737886863
Srimongal,SARIMA+SVR,0.7838750661083113,0.9794548079456078,2.549153804953718,0.7389387482147396,0.8804762889719134,0.235075126305322,0.7218784511160847,0.8148733736044246,0.8916767005701777,1.458117380641474
Srimongal,SARIMA+XGB,0.7844201183449231,0.9845316458943631,2.5464322859806194,0.7394525548592514,0.879234015952347,0.2316014416775162,0.7211747313802871,0.816042811827241,0.9027562760728157,1.4958091120971
Srimongal,SARIMA+LSTM,0.7572115640240707,0.9582285252515887,2.477751896530363,0.71380375450845,0.8856006770440303,0.23873858571810241,0.7076187305222099,0.7820079807750012,0.8388932451268899,1.3672461897697104
Sylhet,SNAIVE,1.2727083333333333,1.6073436073914695,4.18284470550193,1.0705215765919587,0.6003078581865957,0.022827028234241455,1.239583333333333,1.2892708333333336,1.6170833333333334,1.7080000000000009
Sylhet,SARIMA,0.8784410540566164,1.1169459665396422,2.889553275704842,0.7388889327602877,0.8069932563359392,0.1191515679955701,0.8497970113965992,0.892763075386625,1.0948211692176653,1.5358904129206201
Sylhet,ANN,1.1467015786979857,1.4039455746879792,3.6820268493966712,0.9645326818071088,0.6950639995612291,0.1537311662032064,0.9397536078418988,1.2501755641260288,1.2534778129347492,2.393612873833311
Sylhet,SVR,0.8898413440553222,1.132328852224538,2.9049257750695707,0.748478134074823,0.8016403642375383,0.11314825161939937,0.8631464753769081,0.903188778394529,1.0603853517756685,1.7314725920393228
Sylhet,XGB,1.140934034722222,1.4163751585933606,3.644233146379347,0.9596813894031163,0.6896407043469153,0.21011575701018168,0.9282496874999997,1.247276208333333,1.3712997291666664,2.513240133333333
Sylhet,LSTM,1.056594383882151,1.3468460506492759,3.459203431777019,0.8887402211701264,0.7193635554810597,0.2442136574590703,1.0201104439174136,1.0748363538645198,1.1475039745122186,2.1464611899058004
Sylhet,SARIMA+ANN,0.8909931860736795,1.129800127924937,2.9013034262772837,0.7494469905686334,0.8025253310832458,0.12298414523530768,0.8601119742442339,0.9064337919884021,1.1381701565051745,1.7441075784115074
Sylhet,SARIMA+SVR,0.8674786743397817,1.1096985260222352,2.847282549441822,0.7296680738169589,0.8094898260494439,0.11549110541458697,0.8293948096543359,0.8865206066825045,1.09993333398294,1.4948206301095017
Sylhet,SARIMA+XGB,0.8792756862660477,1.1175859395606305,2.894912068163614,0.7395909724698687,0.8067720200385838,0.12188235803835744,0.8461789532883078,0.8958240527549176,1.0927258928438033,1.4731621298630102
Sylhet,SARIMA+LSTM,0.8774387098583804,1.1187986197676154,2.888588932489957,0.738045824356516,0.8063524534182543,0.1135745534320229,0.8647772344962293,0.8837694475394559,1.0788305958245974,1.5396066342882657
