station,model_a,model_b,DM,p
Barisal,SNAIVE,SVR,2.222629386402572,0.027810709429058885
Barisal,SNAIVE,XGB,0.21362434809334344,0.8311442880240915
Barisal,SARIMA,SNAIVE,-2.6784605235840497,0.00826257604355563
Barisal,SARIMA,SVR,-1.4570045139740404,0.14730750363867606
Barisal,SARIMA,XGB,-2.653333375024269,0.008871711791908736
Barisal,SARIMA,SARIMA+ANN,-1.7451300006861765,0.08311037071258982
Barisal,SARIMA,SARIMA+SVR,-0.012952196772420476,0.9896839837478091
Barisal,SARIMA,SARIMA+XGB,-0.22064893440040517,0.8256805145561161
Barisal,SARIMA,SARIMA+LSTM,-0.9865747767292107,0.32551748169574646
Barisal,ANN,SNAIVE,-1.1679290734440326,0.2447789475692495
Barisal,ANN,SARIMA,3.149009073579488,0.00199484409723284
Barisal,ANN,SVR,1.5793445538005875,0.11646652855941605
Barisal,ANN,XGB,-1.093833592259692,0.27586708897450335
Barisal,ANN,LSTM,0.20858541571521,0.8350687083814491
Barisal,ANN,SARIMA+ANN,1.612803028941729,0.10899204448728361
Barisal,ANN,SARIMA+SVR,2.7992057856367927,0.005830657584059261
Barisal,ANN,SARIMA+XGB,3.110004229424876,0.002258535365291273
Barisal,ANN,SARIMA+LSTM,2.462852756009295,0.01497111965671054
Barisal,SVR,XGB,-2.051079889683016,0.04208462968172275
Barisal,LSTM,SNAIVE,-0.935701374834993,0.3510044314251323
Barisal,LSTM,SARIMA,1.7730254880360288,0.07835339144294703
Barisal,LSTM,SVR,0.6805227113922273,0.4972739051655521
Barisal,LSTM,XGB,-1.2056888453185683,0.22992869213770822
Barisal,LSTM,SARIMA+ANN,1.310814199646361,0.19202174353252438
Barisal,LSTM,SARIMA+SVR,1.7200579718225948,0.08758522374101818
Barisal,LSTM,SARIMA+XGB,1.9014480654174353,0.059254871426475945
Barisal,LSTM,SARIMA+LSTM,1.2330410290788538,0.2195835883175698
Barisal,SARIMA+ANN,SNAIVE,-1.6680173812263865,0.09750057672587413
Barisal,SARIMA+ANN,SVR,0.015234380821721592,0.9878664271191605
Barisal,SARIMA+ANN,XGB,-2.750584634599905,0.006718429827943805
Barisal,SARIMA+ANN,SARIMA+SVR,1.5618166003640943,0.12054156577211027
Barisal,SARIMA+ANN,SARIMA+XGB,2.09535801227855,0.03790195304864433
Barisal,SARIMA+ANN,SARIMA+LSTM,0.9582188096485963,0.33956969225909156
Barisal,SARIMA+SVR,SNAIVE,-2.6633909255078834,0.008623188746098593
Barisal,SARIMA+SVR,SVR,-1.3164608925097845,0.1901254967748761
Barisal,SARIMA+SVR,XGB,-2.4513565296750506,0.015437446875285425
Barisal,SARIMA+SVR,SARIMA+XGB,-0.14052390635748044,0.8884438125632378
Barisal,SARIMA+XGB,SNAIVE,-2.539430630968097,0.012172306205334174
Barisal,SARIMA+XGB,SVR,-1.4560577914671833,0.14756866881486141
Barisal,SARIMA+XGB,XGB,-2.8611668287239183,0.0048544564423835205
Barisal,SARIMA+LSTM,SNAIVE,-2.876064648147016,0.0046432009407910545
Barisal,SARIMA+LSTM,SVR,-1.3133313970939389,0.19117470077889592
Barisal,SARIMA+LSTM,XGB,-2.2327446024220867,0.027119802980005263
Barisal,SARIMA+LSTM,SARIMA+SVR,0.86623101728901,0.38781453921596754
Barisal,SARIMA+LSTM,SARIMA+XGB,0.7364530789497029,0.46266144329854625
Bhola,SNAIVE,SVR,1.339168140172196,0.18264066380784377
Bhola,SNAIVE,XGB,0.14777986667788562,0.882724665310215
Bhola,SARIMA,SNAIVE,-2.9358897621166458,0.003876891445228418
Bhola,SARIMA,SVR,-1.9754153757970105,0.050146189916281524
Bhola,SARIMA,XGB,-1.9725743136472609,0.050472777181758216
Bhola,SARIMA,SARIMA+ANN,-2.417212264613814,0.016899516502344232
Bhola,SARIMA,SARIMA+SVR,3.5285523419492364,0.0005622991698347767
Bhola,SARIMA,SARIMA+XGB,-1.887312210390959,0.06114493454866629
Bhola,SARIMA,SARIMA+LSTM,0.44252256021607694,0.6587797208418794
Bhola,ANN,SNAIVE,-1.344040463026378,0.18106379122488003
Bhola,ANN,SARIMA,1.538039347294762,0.12624878567241138
Bhola,ANN,SVR,0.19036128009149422,0.8492960097049813
Bhola,ANN,XGB,-1.0169775345900411,0.31088165357879777
Bhola,ANN,LSTM,-1.43246720772688,0.1541925335465213
Bhola,ANN,SARIMA+ANN,0.24288565150994723,0.8084420210950554
Bhola,ANN,SARIMA+SVR,1.9624710116878104,0.05164880421316211
Bhola,ANN,SARIMA+XGB,1.3033290856869717,0.19455697382753806
Bhola,ANN,SARIMA+LSTM,1.4795039137125459,0.14120529456709827
Bhola,SVR,XGB,-1.6223290480698467,0.10693557168862586
Bhola,LSTM,SNAIVE,0.0653983560482421,0.9479481709504063
Bhola,LSTM,SARIMA,2.669689071895535,0.00847078045109971
Bhola,LSTM,SVR,1.8712745585614028,0.06335011510931028
Bhola,LSTM,XGB,0.3307814792115207,0.7412937277155627
Bhola,LSTM,SARIMA+ANN,2.0742275095395066,0.03985123036179626
Bhola,LSTM,SARIMA+SVR,3.2298998376287855,0.0015364915384769176
Bhola,LSTM,SARIMA+XGB,2.6097027091928147,0.010026357466223256
Bhola,LSTM,SARIMA+LSTM,2.7675842133026896,0.00639495344228065
Bhola,SARIMA+ANN,SNAIVE,-1.438228016981801,0.1525542873828036
Bhola,SARIMA+ANN,SVR,0.04548891721206293,0.9637810706337969
Bhola,SARIMA+ANN,XGB,-1.6014826188127895,0.11147685467076945
Bhola,SARIMA+ANN,SARIMA+SVR,3.552633493626452,0.0005170749301593424
Bhola,SARIMA+ANN,SARIMA+XGB,2.2992454799681177,0.02293936470675573
Bhola,SARIMA+ANN,SARIMA+LSTM,2.3234807421553274,0.0215628983461878
Bhola,SARIMA+SVR,SNAIVE,-3.2848399447840113,0.001283309179983198
Bhola,SARIMA+SVR,SVR,-3.025776183146899,0.0029415567185187112
Bhola,SARIMA+SVR,XGB,-2.3500805830511102,0.0201362615626369
Bhola,SARIMA+SVR,SARIMA+XGB,-5.67180888299739,7.556956067204457e-08
Bhola,SARIMA+XGB,SNAIVE,-2.6586296225072066,0.008740046423477352
Bhola,SARIMA+XGB,SVR,-1.8939747832557976,0.06024790622121101
Bhola,SARIMA+XGB,XGB,-1.925815123439584,0.056111887924116706
Bhola,SARIMA+LSTM,SNAIVE,-2.979501672347748,0.0033934142843846807
Bhola,SARIMA+LSTM,SVR,-2.2303308093214,0.02728329964499576
Bhola,SARIMA+LSTM,XGB,-2.0322797332334743,0.04397651880912706
Bhola,SARIMA+LSTM,SARIMA+SVR,1.732256947277344,0.08538400225431789
Bhola,SARIMA+LSTM,SARIMA+XGB,-1.2356277617951807,0.21862299482925318
Bogra,SNAIVE,SVR,4.697417789827267,6.122194226406823e-06
Bogra,SNAIVE,XGB,2.2351913422967074,0.026954947431770036
Bogra,SARIMA,SNAIVE,-5.247799791346391,5.446689786141432e-07
Bogra,SARIMA,SVR,-0.9656780318361918,0.3358356008741466
Bogra,SARIMA,XGB,-5.8582709973274705,3.082382455566435e-08
Bogra,SARIMA,SARIMA+ANN,-1.5566013115863635,0.12177558736929461
Bogra,SARIMA,SARIMA+SVR,0.23223270629466017,0.8166893008961124
Bogra,SARIMA,SARIMA+XGB,1.4649258629297455,0.1451362740960584
Bogra,SARIMA,SARIMA+LSTM,-1.0982033444436865,0.2739613598026122
Bogra,ANN,SNAIVE,-5.672727210630065,7.523961124640069e-08
Bogra,ANN,SARIMA,1.9180549776161506,0.05709724649842004
Bogra,ANN,SVR,1.046980087944934,0.29687519044844407
Bogra,ANN,XGB,-2.7865729378921,0.006050418446958881
Bogra,ANN,LSTM,-4.799951541717994,3.952194465002545e-06
Bogra,ANN,SARIMA+ANN,0.10263483676385568,0.9183965790528283
Bogra,ANN,SARIMA+SVR,2.234924823432894,0.026972862314622575
Bogra,ANN,SARIMA+XGB,2.000945585850249,0.04729093883901208
Bogra,ANN,SARIMA+LSTM,0.44290068903705404,0.6585068275573347
Bogra,SVR,XGB,-3.2436392185345064,0.0014691443432349053
Bogra,LSTM,SNAIVE,-1.4717578827886346,0.14328359508505678
Bogra,LSTM,SARIMA,7.287705062958082,1.9594783927992476e-11
Bogra,LSTM,SVR,7.019449704132582,8.26586518315141e-11
Bogra,LSTM,XGB,1.5656869380467309,0.11963219134514885
Bogra,LSTM,SARIMA+ANN,4.034535057470441,8.873053747823687e-05
Bogra,LSTM,SARIMA+SVR,7.099026170732781,5.4065212959138134e-11
Bogra,LSTM,SARIMA+XGB,7.122420508756345,4.770238511987046e-11
Bogra,LSTM,SARIMA+LSTM,3.4977043634983427,0.0006256798498515104
Bogra,SARIMA+ANN,SNAIVE,-5.638713369420247,8.845336931301009e-08
Bogra,SARIMA+ANN,SVR,0.7502070101852912,0.4543626012173929
Bogra,SARIMA+ANN,XGB,-2.651120751447279,0.008927246147049494
Bogra,SARIMA+ANN,SARIMA+SVR,1.349857323949956,0.17919463098053706
Bogra,SARIMA+ANN,SARIMA+XGB,1.7034558737819554,0.09065505216921275
Bogra,SARIMA+ANN,SARIMA+LSTM,0.4379165097763354,0.6621075569887033
Bogra,SARIMA+SVR,SNAIVE,-5.46104202717226,2.0403867538102912e-07
Bogra,SARIMA+SVR,SVR,-0.8741265805917681,0.38351497576612403
Bogra,SARIMA+SVR,XGB,-5.160194545254106,8.096362513303813e-07
Bogra,SARIMA+SVR,SARIMA+XGB,0.08719764269210163,0.9306363969200421
Bogra,SARIMA+XGB,SNAIVE,-5.211992459641062,6.407905130910534e-07
Bogra,SARIMA+XGB,SVR,-1.091347133402605,0.27695554923323307
Bogra,SARIMA+XGB,XGB,-6.4490018883605185,1.6220817886876008e-09
Bogra,SARIMA+LSTM,SNAIVE,-5.227036169092809,5.985469671103983e-07
Bogra,SARIMA+LSTM,SVR,0.34119147418573537,0.7334602462200285
Bogra,SARIMA+LSTM,XGB,-3.0248054290651427,0.002950436738392292
Bogra,SARIMA+LSTM,SARIMA+SVR,1.170632104424208,0.24369380081995515
Bogra,SARIMA+LSTM,SARIMA+XGB,1.216824167584065,0.2256755934305041
Chittagong,SNAIVE,SVR,1.9732733960009432,0.050392249298491024
Chittagong,SNAIVE,XGB,-0.08296976917776322,0.9339916056347634
Chittagong,SARIMA,SNAIVE,-1.4932092855774561,0.13758552567664312
Chittagong,SARIMA,SVR,-0.6883167192797239,0.49236845575238014
Chittagong,SARIMA,XGB,-1.1555593923412932,0.24978853729614262
Chittagong,SARIMA,SARIMA+ANN,-1.7761822928755593,0.0778294584946308
Chittagong,SARIMA,SARIMA+SVR,0.7815958920350201,0.43574424290467684
Chittagong,SARIMA,SARIMA+XGB,1.0373167744005363,0.30133911979278993
Chittagong,SARIMA,SARIMA+LSTM,0.8348979221168621,0.40516784852618565
Chittagong,ANN,SNAIVE,0.20639982564383155,0.8367721866464637
Chittagong,ANN,SARIMA,2.121732530434204,0.03558437685377311
Chittagong,ANN,SVR,2.8609133644503264,0.004858125476233995
Chittagong,ANN,XGB,-0.012882958625010925,0.9897391266682464
Chittagong,ANN,LSTM,-0.47409044144914203,0.6361584978991427
Chittagong,ANN,SARIMA+ANN,1.4254285431152742,0.15621247071823532
Chittagong,ANN,SARIMA+SVR,2.0360974879378597,0.04358656646300756
Chittagong,ANN,SARIMA+XGB,2.1539295738812956,0.03292165225284504
Chittagong,ANN,SARIMA+LSTM,2.2595843188210822,0.02535863641966499
Chittagong,SVR,XGB,-0.87612617530118,0.3824307860540035
Chittagong,LSTM,SNAIVE,0.3984868569786017,0.6908657007462046
Chittagong,LSTM,SARIMA,1.621884040723851,0.10703094294561415
Chittagong,LSTM,SVR,1.3516036337285167,0.17863632023440432
Chittagong,LSTM,XGB,0.7097397088168235,0.4790212638080779
Chittagong,LSTM,SARIMA+ANN,1.236702623699286,0.21822473902020204
Chittagong,LSTM,SARIMA+SVR,1.595937345251624,0.11271040937060148
Chittagong,LSTM,SARIMA+XGB,1.623942370052354,0.1065903847671927
Chittagong,LSTM,SARIMA+LSTM,1.7395513153932074,0.08408951556216691
Chittagong,SARIMA+ANN,SNAIVE,-0.8108225533400316,0.418814985372967
Chittagong,SARIMA+ANN,SVR,1.0260232660374144,0.30661307390122783
Chittagong,SARIMA+ANN,XGB,-0.7324362225094945,0.4651011556701956
Chittagong,SARIMA+ANN,SARIMA+SVR,1.6304085963032406,0.1052158168262234
Chittagong,SARIMA+ANN,SARIMA+XGB,1.7439757284556467,0.08331219369792767
Chittagong,SARIMA+ANN,SARIMA+LSTM,2.2970288804952532,0.023069027395380724
Chittagong,SARIMA+SVR,SNAIVE,-1.4946324185338584,0.1372138387438801
Chittagong,SARIMA+SVR,SVR,-0.7825070220420194,0.43521052793786
Chittagong,SARIMA+SVR,XGB,-1.1521746403480975,0.25117185239550177
Chittagong,SARIMA+SVR,SARIMA+XGB,-0.14887980109461682,0.8818582284410287
Chittagong,SARIMA+XGB,SNAIVE,-1.555725442652915,0.12198380761220562
Chittagong,SARIMA+XGB,SVR,-0.826096986118522,0.4101252301149219
Chittagong,SARIMA+XGB,XGB,-1.1642420240399403,0.24626465273294323
Chittagong,SARIMA+LSTM,SNAIVE,-1.6099350547554165,0.10961733446702933
Chittagong,SARIMA+LSTM,SVR,-0.926848135963095,0.355567035189884
Chittagong,SARIMA+LSTM,XGB,-1.276797863693872,0.20374306129727723
Chittagong,SARIMA+LSTM,SARIMA+SVR,-0.1799544557648047,0.8574430791123956
Chittagong,SARIMA+LSTM,SARIMA+XGB,-0.2454932377977281,0.8064265183498526
Comilla,SNAIVE,SVR,2.25498651026751,0.025653043414268183
Comilla,SNAIVE,XGB,1.3826823181176764,0.16891773714524574
Comilla,SARIMA,SNAIVE,-2.8726643704490717,0.00469066324822628
Comilla,SARIMA,SVR,-0.407681821303232,0.6841169779105613
Comilla,SARIMA,XGB,-1.1065626483602145,0.2703410910273743
Comilla,SARIMA,SARIMA+ANN,-0.9319712561369659,0.3529221946404939
Comilla,SARIMA,SARIMA+SVR,0.3882228377754977,0.6984284764626464
Comilla,SARIMA,SARIMA+XGB,0.09396613769742979,0.9252675876173495
Comilla,SARIMA,SARIMA+LSTM,-0.09862815430354008,0.921571633399034
Comilla,ANN,SNAIVE,-1.7787428874508247,0.07740659889585634
Comilla,ANN,SARIMA,3.2965180724808123,0.0012347684509061555
Comilla,ANN,SVR,2.395877783935841,0.01787423397637795
Comilla,ANN,XGB,0.9873031528965858,0.3251616311753168
Comilla,ANN,LSTM,0.9750645785080205,0.33117479113529485
Comilla,ANN,SARIMA+ANN,1.8829143110069382,0.061743157701904
Comilla,ANN,SARIMA+SVR,3.6737413588980217,0.0003370756194648349
Comilla,ANN,SARIMA+XGB,3.2481698196161655,0.0014475460394424281
Comilla,ANN,SARIMA+LSTM,2.9120973387443803,0.0041665663611180044
Comilla,SVR,XGB,-1.4639122701956282,0.14541270843996018
Comilla,LSTM,SNAIVE,-1.5679168502321914,0.11911072221610525
Comilla,LSTM,SARIMA,2.931670480434005,0.003926873763946799
Comilla,LSTM,SVR,2.385160866044774,0.01838239179623388
Comilla,LSTM,XGB,0.7724767039059407,0.4411069880532299
Comilla,LSTM,SARIMA+ANN,1.7117569008106652,0.08910938140416305
Comilla,LSTM,SARIMA+SVR,2.563340248332167,0.011399919946977057
Comilla,LSTM,SARIMA+XGB,2.8792324758151175,0.004599379050421327
Comilla,LSTM,SARIMA+LSTM,3.0228745745505345,0.002968172844799429
Comilla,SARIMA+ANN,SNAIVE,-1.9444673187697301,0.053801885279503234
Comilla,SARIMA+ANN,SVR,1.171700132523486,0.2432659776786373
Comilla,SARIMA+ANN,XGB,-0.6930255470750812,0.48941753447985187
Comilla,SARIMA+ANN,SARIMA+SVR,0.8051340990238453,0.4220789722775372
Comilla,SARIMA+ANN,SARIMA+XGB,0.8261363263034165,0.4101029898658147
Comilla,SARIMA+ANN,SARIMA+LSTM,1.2030770060962235,0.2309345628652873
Comilla,SARIMA+SVR,SNAIVE,-3.4694927032671696,0.0006894688954842971
Comilla,SARIMA+SVR,SVR,-0.42112445164469736,0.6742964818945592
Comilla,SARIMA+SVR,XGB,-0.9353421277438521,0.35118883989240657
Comilla,SARIMA+SVR,SARIMA+XGB,-0.42677037001325197,0.6701884055468856
Comilla,SARIMA+XGB,SNAIVE,-2.931874776339836,0.0039244400807913445
Comilla,SARIMA+XGB,SVR,-0.35550070463306516,0.7227383628366487
Comilla,SARIMA+XGB,XGB,-1.027254265088069,0.30603522694052826
Comilla,SARIMA+LSTM,SNAIVE,-2.5729740197555873,0.01110133981219424
Comilla,SARIMA+LSTM,SVR,-0.5516403854493254,0.5820557635442829
Comilla,SARIMA+LSTM,XGB,-1.4070149501510711,0.16159266999439398
Comilla,SARIMA+LSTM,SARIMA+SVR,0.2709435903275517,0.7868251181404081
Comilla,SARIMA+LSTM,SARIMA+XGB,0.10600609172420815,0.9157260788882785
Cox's Bazar,SNAIVE,SVR,3.609318937401088,0.0004237735904317992
Cox's Bazar,SNAIVE,XGB,0.9661039682704236,0.3356231859747037
Cox's Bazar,SARIMA,SNAIVE,-4.016628455252067,9.500415773360816e-05
Cox's Bazar,SARIMA,SVR,0.6417594824859675,0.5220567373975471
Cox's Bazar,SARIMA,XGB,-1.1490209401167197,0.25246559207281266
Cox's Bazar,SARIMA,SARIMA+ANN,0.7044315645822973,0.48230968631231363
Cox's Bazar,SARIMA,SARIMA+SVR,-1.9119003143373139,0.057889051864119405
Cox's Bazar,SARIMA,SARIMA+XGB,-0.7490521291286809,0.45505615612400946
Cox's Bazar,SARIMA,SARIMA+LSTM,1.9098674726372213,0.05815259725977517
Cox's Bazar,ANN,SNAIVE,-0.08712149641877018,0.9306968151991469
Cox's Bazar,ANN,SARIMA,3.0387380117440967,0.002825325654449823
Cox's Bazar,ANN,SVR,3.6811266758316092,0.0003282849213067138
Cox's Bazar,ANN,XGB,3.5559023385394792,0.0005112069824337185
Cox's Bazar,ANN,LSTM,0.44621211135563277,0.6561189609634437
Cox's Bazar,ANN,SARIMA+ANN,3.292027627465965,0.0012532268511688896
Cox's Bazar,ANN,SARIMA+SVR,2.795169107149416,0.00590007610980349
Cox's Bazar,ANN,SARIMA+XGB,2.890613175882408,0.004445049242715764
Cox's Bazar,ANN,SARIMA+LSTM,3.6664094567129335,0.0003460225444679348
Cox's Bazar,SVR,XGB,-1.5266248885236107,0.12906310060474704
Cox's Bazar,LSTM,SNAIVE,-0.5012621411443583,0.6169574131123986
Cox's Bazar,LSTM,SARIMA,1.6215051250137067,0.10711220351595616
Cox's Bazar,LSTM,SVR,1.7007583121825998,0.09116201130007723
Cox's Bazar,LSTM,XGB,0.5924526097835309,0.5544832048770446
Cox's Bazar,LSTM,SARIMA+ANN,1.9407667750568582,0.05425369468491358
Cox's Bazar,LSTM,SARIMA+SVR,1.5408714051875578,0.12555805376715448
Cox's Bazar,LSTM,SARIMA+XGB,1.6221837987261944,0.10696669315790615
Cox's Bazar,LSTM,SARIMA+LSTM,1.8980491287231718,0.059704800553934866
Cox's Bazar,SARIMA+ANN,SNAIVE,-3.617020561284274,0.0004123979394690724
Cox's Bazar,SARIMA+ANN,SVR,0.021241299012509644,0.9830827799532473
Cox's Bazar,SARIMA+ANN,XGB,-1.3890647493119668,0.16697245033805336
Cox's Bazar,SARIMA+ANN,SARIMA+SVR,-1.0007446492317766,0.3186406726041308
Cox's Bazar,SARIMA+ANN,SARIMA+XGB,-0.8085251312331161,0.42013141630684747
Cox's Bazar,SARIMA+ANN,SARIMA+LSTM,0.34547734667431707,0.7302432215850704
Cox's Bazar,SARIMA+SVR,SNAIVE,-3.9128582890000745,0.00014055582940124533
Cox's Bazar,SARIMA+SVR,SVR,0.955640598292094,0.3408665797997792
Cox's Bazar,SARIMA+SVR,XGB,-1.0195774688555193,0.30965073559106493
Cox's Bazar,SARIMA+SVR,SARIMA+XGB,1.6426821074825106,0.10264587821494092
Cox's Bazar,SARIMA+XGB,SNAIVE,-4.077247324330061,7.53235286187771e-05
Cox's Bazar,SARIMA+XGB,SVR,0.7049860742357775,0.4819655856898298
Cox's Bazar,SARIMA+XGB,XGB,-1.0855525102697725,0.27950364066863326
Cox's Bazar,SARIMA+LSTM,SNAIVE,-3.9044210254970104,0.00014505796408924716
Cox's Bazar,SARIMA+LSTM,SVR,-0.194904112845284,0.8457446542503227
Cox's Bazar,SARIMA+LSTM,XGB,-1.5183776185239668,0.13112699516910378
Cox's Bazar,SARIMA+LSTM,SARIMA+SVR,-2.1125754308978153,0.036374795023732004
Cox's Bazar,SARIMA+LSTM,SARIMA+XGB,-1.7649635957498762,0.07970459308095351
Dhaka,SNAIVE,SVR,1.941635739376028,0.05414731406462221
Dhaka,SNAIVE,XGB,0.9200612773569499,0.3590901923462097
Dhaka,SARIMA,SNAIVE,-2.7653813833025813,0.006436055911769363
Dhaka,SARIMA,SVR,-2.8924407288403122,0.0044207129972976544
Dhaka,SARIMA,XGB,-3.0191831338904014,0.0030023549347354714
Dhaka,SARIMA,SARIMA+ANN,-1.9551512658584667,0.0525152283117293
Dhaka,SARIMA,SARIMA+SVR,1.4003444582634377,0.1635762048768506
Dhaka,SARIMA,SARIMA+XGB,0.9166640226282986,0.36086205520556325
Dhaka,SARIMA,SARIMA+LSTM,-0.5911059042448488,0.5553826397393042
Dhaka,ANN,SNAIVE,-1.7488698028298675,0.0824592190051094
Dhaka,ANN,SARIMA,2.4787316966134068,0.01434764469599548
Dhaka,ANN,SVR,0.9021046984017236,0.3685181993718107
Dhaka,ANN,XGB,-0.3205361708108942,0.7490298340827596
Dhaka,ANN,LSTM,-1.3599566712865683,0.17598385656639823
Dhaka,ANN,SARIMA+ANN,0.678860359732361,0.49832356162274305
Dhaka,ANN,SARIMA+SVR,3.5238600292172344,0.0005715339496714351
Dhaka,ANN,SARIMA+XGB,2.490392055297581,0.013904655358320462
Dhaka,ANN,SARIMA+LSTM,2.5656041005957566,0.011329115913063742
Dhaka,SVR,XGB,-2.1271252982090725,0.03512584900052928
Dhaka,LSTM,SNAIVE,0.22639616170005883,0.8212166041249429
Dhaka,LSTM,SARIMA,2.9648100247353275,0.003549715734088931
Dhaka,LSTM,SVR,2.0650104518186074,0.04072806039196155
Dhaka,LSTM,XGB,1.3691548565422167,0.17309747344483117
Dhaka,LSTM,SARIMA+ANN,2.05158866409049,0.04203441335118854
Dhaka,LSTM,SARIMA+SVR,2.9115581585708354,0.004173355083327293
Dhaka,LSTM,SARIMA+XGB,3.0797065195254985,0.002485244292146364
Dhaka,LSTM,SARIMA+LSTM,2.4622889068753526,0.014993695575438488
Dhaka,SARIMA+ANN,SNAIVE,-1.7455968596009297,0.08302885481269467
Dhaka,SARIMA+ANN,SVR,0.3074051239209051,0.7589822662909519
Dhaka,SARIMA+ANN,XGB,-1.7592324846860912,0.08067674055711747
Dhaka,SARIMA+ANN,SARIMA+SVR,1.908408837997055,0.05834232037809874
Dhaka,SARIMA+ANN,SARIMA+XGB,2.1587593236160987,0.03253747561494439
Dhaka,SARIMA+ANN,SARIMA+LSTM,1.5215482418698822,0.13033050141445765
Dhaka,SARIMA+SVR,SNAIVE,-3.629985499857497,0.00039389652503553124
Dhaka,SARIMA+SVR,SVR,-2.5033857572076177,0.013425420801945647
Dhaka,SARIMA+SVR,XGB,-2.593567784217735,0.010486499598784975
Dhaka,SARIMA+SVR,SARIMA+XGB,-1.0896527493786372,0.2776989667454835
Dhaka,SARIMA+XGB,SNAIVE,-2.7508578816067897,0.006713114915372332
Dhaka,SARIMA+XGB,SVR,-3.1638605418014003,0.0019021738961574474
Dhaka,SARIMA+XGB,XGB,-3.212384747368123,0.0016265138647398704
Dhaka,SARIMA+LSTM,SNAIVE,-3.0976920249160758,0.0023482505585112777
Dhaka,SARIMA+LSTM,SVR,-2.2156484422228035,0.028296432444224282
Dhaka,SARIMA+LSTM,XGB,-2.3997211150602684,0.017695049816931003
Dhaka,SARIMA+LSTM,SARIMA+SVR,2.3255879448278334,0.021446723458885212
Dhaka,SARIMA+LSTM,SARIMA+XGB,0.6925365762837276,0.4897235135944943
Faridpur,SNAIVE,SVR,2.8129839526069715,0.005599282483015392
Faridpur,SNAIVE,XGB,0.011731470926368661,0.990656206134274
Faridpur,SARIMA,SNAIVE,-3.7521195963485607,0.00025415093961069586
Faridpur,SARIMA,SVR,-2.5590849806955336,0.011534082384413512
Faridpur,SARIMA,XGB,-4.654390810834418,7.342807756286749e-06
Faridpur,SARIMA,SARIMA+ANN,-3.252744329569368,0.0014260387451339662
Faridpur,SARIMA,SARIMA+SVR,0.41534214798686225,0.6785139884414793
Faridpur,SARIMA,SARIMA+XGB,-0.301533165286512,0.7634460090993559
Faridpur,SARIMA,SARIMA+LSTM,-1.0539536156189395,0.29368169536097677
Faridpur,ANN,SNAIVE,-0.7028843909858938,0.4832704971077663
Faridpur,ANN,SARIMA,2.695989234981044,0.00786030950319416
Faridpur,ANN,SVR,0.7443614860571488,0.45787927006792484
Faridpur,ANN,XGB,-0.7988896208164639,0.425679293553598
Faridpur,ANN,LSTM,-2.671690632020301,0.00842285707356353
Faridpur,ANN,SARIMA+ANN,1.5538815162216604,0.12242308331071688
Faridpur,ANN,SARIMA+SVR,2.4286994031496274,0.016394470871724676
Faridpur,ANN,SARIMA+XGB,2.4403028687703676,0.01589795895255677
Faridpur,ANN,SARIMA+LSTM,2.4620796433890115,0.015002081969951037
Faridpur,SVR,XGB,-4.365755672914773,2.4148228107504812e-05
Faridpur,LSTM,SNAIVE,2.8650034863579608,0.004799227248906269
Faridpur,LSTM,SARIMA,4.571831553362812,1.0375486831829769e-05
Faridpur,LSTM,SVR,3.416258783453672,0.0008267961391736053
Faridpur,LSTM,XGB,2.0756301455738106,0.03971922502981658
Faridpur,LSTM,SARIMA+ANN,3.9529540276473103,0.00012091862880157877
Faridpur,LSTM,SARIMA+SVR,4.6824693554113415,6.522168259804945e-06
Faridpur,LSTM,SARIMA+XGB,4.524290373084154,1.2637319991663781e-05
Faridpur,LSTM,SARIMA+LSTM,4.881460671907488,2.7787033175969433e-06
Faridpur,SARIMA+ANN,SNAIVE,-2.8508615198613527,0.00500569132578127
Faridpur,SARIMA+ANN,SVR,-1.0514542662378552,0.2948235732946463
Faridpur,SARIMA+ANN,XGB,-3.9970994708756264,0.00010232804444909573
Faridpur,SARIMA+ANN,SARIMA+SVR,2.819640154889554,0.005490531887999907
Faridpur,SARIMA+ANN,SARIMA+XGB,2.7497564366311646,0.006734562417928248
Faridpur,SARIMA+ANN,SARIMA+LSTM,3.493418512228424,0.0006349993907102427
Faridpur,SARIMA+SVR,SNAIVE,-3.904843956802958,0.00014482905796407884
Faridpur,SARIMA+SVR,SVR,-2.485557406489717,0.014086826371581073
Faridpur,SARIMA+SVR,XGB,-4.456059933686805,1.673099105710055e-05
Faridpur,SARIMA+SVR,SARIMA+XGB,-0.8939398752553339,0.3728561145855871
Faridpur,SARIMA+XGB,SNAIVE,-3.6775903495193503,0.00033246678770761594
Faridpur,SARIMA+XGB,SVR,-2.4314865034846602,0.016273970976717657
Faridpur,SARIMA+XGB,XGB,-4.487483487432817,1.4707901196939639e-05
Faridpur,SARIMA+LSTM,SNAIVE,-3.87553487127695,0.0001615333167987004
Faridpur,SARIMA+LSTM,SVR,-2.493972629464227,0.01377109595717037
Faridpur,SARIMA+LSTM,XGB,-4.577099409442114,1.0150362080728626e-05
Faridpur,SARIMA+LSTM,SARIMA+SVR,1.0912488501563506,0.27699863390873825
Faridpur,SARIMA+LSTM,SARIMA+XGB,0.7611003222568968,0.4478504029774078
Jessore,SNAIVE,SVR,1.6902291885716583,0.09316285603062349
Jessore,SNAIVE,XGB,0.8903916962370882,0.3747511605422972
Jessore,SARIMA,SNAIVE,-2.2607024190612917,0.025287490382344017
Jessore,SARIMA,SVR,-1.7548490202483553,0.08142684110995767
Jessore,SARIMA,XGB,-2.088907395351408,0.03848813964220043
Jessore,SARIMA,SARIMA+ANN,0.6609931931733994,0.5096801902668
Jessore,SARIMA,SARIMA+SVR,-0.2026272157895906,0.8397144255237721
Jessore,SARIMA,SARIMA+XGB,-1.0680887188004076,0.28728025409187047
Jessore,SARIMA,SARIMA+LSTM,-0.3512601346314449,0.7259101949935431
Jessore,ANN,SNAIVE,-1.7048715678449247,0.09038991573086055
Jessore,ANN,SARIMA,1.7678520123023758,0.0792183003054703
Jessore,ANN,SVR,-0.09234848559827741,0.9265504152430325
Jessore,ANN,XGB,-0.5140966719647452,0.6079779417218742
Jessore,ANN,LSTM,-1.507224220353437,0.13395918263491177
Jessore,ANN,SARIMA+ANN,3.011364597900139,0.0030759545819569922
Jessore,ANN,SARIMA+SVR,1.895704156081424,0.06001687930590408
Jessore,ANN,SARIMA+XGB,1.4176861131913956,0.1584577331645436
Jessore,ANN,SARIMA+LSTM,1.8726313545419877,0.06316101880584621
Jessore,SVR,XGB,-0.4741054861922209,0.6361477961462886
Jessore,LSTM,SNAIVE,0.5982839694087209,0.5505968975563599
Jessore,LSTM,SARIMA,1.9395882687619042,0.054398251670811144
Jessore,LSTM,SVR,1.6460051037203325,0.10195882827421363
Jessore,LSTM,XGB,1.1101528006995687,0.26879647851291605
Jessore,LSTM,SARIMA+ANN,2.4405359396793984,0.015888124241373647
Jessore,LSTM,SARIMA+SVR,1.9665348114375236,0.051173020039321684
Jessore,LSTM,SARIMA+XGB,1.8839578660368461,0.06160076718909637
Jessore,LSTM,SARIMA+LSTM,2.000171069107994,0.047375482904150265
Jessore,SARIMA+ANN,SNAIVE,-2.9226521782172137,0.004035694732078114
Jessore,SARIMA+ANN,SVR,-3.2933308866739956,0.0012478433345786534
Jessore,SARIMA+ANN,XGB,-2.6810522483226826,0.008201949049169334
Jessore,SARIMA+ANN,SARIMA+SVR,-0.7920044103095388,0.4296699582682897
Jessore,SARIMA+ANN,SARIMA+XGB,-1.0245655880975466,0.3072982709404331
Jessore,SARIMA+ANN,SARIMA+LSTM,-1.1255692998764608,0.2622334081907759
Jessore,SARIMA+SVR,SNAIVE,-2.3535627204494736,0.01995580316542221
Jessore,SARIMA+SVR,SVR,-1.8688840317870288,0.06368443234768754
Jessore,SARIMA+SVR,XGB,-2.042139587531077,0.0429754480856543
Jessore,SARIMA+SVR,SARIMA+XGB,-0.6416587261082906,0.5221219810493342
Jessore,SARIMA+XGB,SNAIVE,-2.0816429310997484,0.039157588596218686
Jessore,SARIMA+XGB,SVR,-1.4808009356441423,0.14085959664660525
Jessore,SARIMA+XGB,XGB,-1.9247504593941591,0.056246222847013735
Jessore,SARIMA+LSTM,SNAIVE,-2.2683163422111057,0.02480763308911048
Jessore,SARIMA+LSTM,SVR,-1.895700512744039,0.060017365237940046
Jessore,SARIMA+LSTM,XGB,-2.3725198924855038,0.01899817353288374
Jessore,SARIMA+LSTM,SARIMA+SVR,0.23300619335150216,0.8160897808751733
Jessore,SARIMA+LSTM,SARIMA+XGB,-0.4343972057057058,0.664654784086993
Khulna,SNAIVE,SVR,2.8151077929718764,0.005564371188441275
Khulna,SNAIVE,XGB,0.8585140107831095,0.39204543253502777
Khulna,SARIMA,SNAIVE,-3.561104564795194,0.0005019975717932511
Khulna,SARIMA,SVR,-3.152859447881745,0.001970424590175659
Khulna,SARIMA,XGB,-2.9622877918584933,0.0035772056755770526
Khulna,SARIMA,SARIMA+ANN,-1.9769827105927698,0.049966788182485386
Khulna,SARIMA,SARIMA+SVR,0.33316258258568104,0.7394995308308472
Khulna,SARIMA,SARIMA+XGB,0.17863913375070037,0.8584739022011987
Khulna,SARIMA,SARIMA+LSTM,-1.1726540851910894,0.24288430128150687
Khulna,ANN,SNAIVE,-2.3322165583106353,0.021084856255258154
Khulna,ANN,SARIMA,3.555654510711149,0.0005116496547216506
Khulna,ANN,SVR,0.18762453069000187,0.8514369586665135
Khulna,ANN,XGB,-1.5137761772002754,0.13228970355927847
Khulna,ANN,LSTM,-1.2673557091860812,0.20708808783859034
Khulna,ANN,SARIMA+ANN,1.3444932198586743,0.18091778177780252
Khulna,ANN,SARIMA+SVR,3.1897044624655,0.0017503769640102493
Khulna,ANN,SARIMA+XGB,4.047747544722102,8.435718586243001e-05
Khulna,ANN,SARIMA+LSTM,3.7009524598363286,0.00030574619956201684
Khulna,SVR,XGB,-1.4669014548195987,0.1445986455893117
Khulna,LSTM,SNAIVE,0.870319536572278,0.38558442407995747
Khulna,LSTM,SARIMA,1.6573889291377564,0.09963315173088477
Khulna,LSTM,SVR,1.3379758950317522,0.18302808274517465
Khulna,LSTM,XGB,0.8944821719340637,0.3725670088330849
Khulna,LSTM,SARIMA+ANN,1.4738473235605518,0.14272066538844105
Khulna,LSTM,SARIMA+SVR,1.7282302605422373,0.08610553897074807
Khulna,LSTM,SARIMA+XGB,1.667805097267678,0.0975428073072104
Khulna,LSTM,SARIMA+LSTM,1.5944657610502146,0.11303958456692952
Khulna,SARIMA+ANN,SNAIVE,-3.350282314824256,0.001032603235519013
Khulna,SARIMA+ANN,SVR,-1.5205072658117478,0.13059158613117205
Khulna,SARIMA+ANN,XGB,-2.0374952233551284,0.04344453917904927
Khulna,SARIMA+ANN,SARIMA+SVR,1.9026748844651937,0.05909317302955014
Khulna,SARIMA+ANN,SARIMA+XGB,2.194933307641763,0.029781485450525374
Khulna,SARIMA+ANN,SARIMA+LSTM,1.87209200616773,0.06323613112270249
Khulna,SARIMA+SVR,SNAIVE,-3.8395527945486836,0.00018455061062053207
Khulna,SARIMA+SVR,SVR,-2.8612218891240935,0.0048536597480081396
Khulna,SARIMA+SVR,XGB,-2.6275399441292047,0.00953888404760814
Khulna,SARIMA+SVR,SARIMA+XGB,-0.1793184671928678,0.8579414753219267
Khulna,SARIMA+XGB,SNAIVE,-3.6355991494468523,0.0003861312443424786
Khulna,SARIMA+XGB,SVR,-3.434422293436898,0.000777289019075668
Khulna,SARIMA+XGB,XGB,-3.16461802379496,0.0018975561648224904
Khulna,SARIMA+LSTM,SNAIVE,-3.3604626271704947,0.0009979923206969784
Khulna,SARIMA+LSTM,SVR,-2.9866227575030884,0.003319955396467661
Khulna,SARIMA+LSTM,XGB,-3.170138297895454,0.0018642165801344905
Khulna,SARIMA+LSTM,SARIMA+SVR,0.885575049526758,0.3773332901793935
Khulna,SARIMA+LSTM,SARIMA+XGB,2.080743097203205,0.0392412033158823
Mymensingh,SNAIVE,SVR,4.577198580164528,1.0146169506027505e-05
Mymensingh,SNAIVE,XGB,1.6299785375573657,0.10530679376324562
Mymensingh,SARIMA,SNAIVE,-3.386844761154708,0.0009132825083044349
Mymensingh,SARIMA,SVR,-0.3503954019411174,0.7265575773286326
Mymensingh,SARIMA,XGB,-3.3359781341098502,0.0010831343072690949
Mymensingh,SARIMA,SARIMA+ANN,-3.3930291022107206,0.0008944238871398148
Mymensingh,SARIMA,SARIMA+SVR,-2.9175862981444545,0.004098029725065331
Mymensingh,SARIMA,SARIMA+XGB,-2.3537098113995034,0.019948211821188316
Mymensingh,SARIMA,SARIMA+LSTM,1.8670613101744922,0.06394032997286005
Mymensingh,ANN,SNAIVE,-5.0998153481466595,1.0614315052613528e-06
Mymensingh,ANN,SARIMA,0.13254753047310058,0.8947375581654331
Mymensingh,ANN,SVR,-0.3253538793599078,0.7453888074531643
Mymensingh,ANN,XGB,-2.918802864675592,0.004082979992555368
Mymensingh,ANN,LSTM,-1.3293872908586641,0.1858371445437942
Mymensingh,ANN,SARIMA+ANN,-1.573148232900799,0.11789441889342855
Mymensingh,ANN,SARIMA+SVR,-0.7345092916793563,0.4638411369470404
Mymensingh,ANN,SARIMA+XGB,-0.21372579094290314,0.8310653256467992
Mymensingh,ANN,SARIMA+LSTM,0.66691578087616,0.5059006010708553
Mymensingh,SVR,XGB,-3.151253069557196,0.0019805785173828824
Mymensingh,LSTM,SNAIVE,-3.75567074544421,0.00025089476311924356
Mymensingh,LSTM,SARIMA,0.6547848851820355,0.5136580928320601
Mymensingh,LSTM,SVR,0.7908087116775431,0.4303652161206081
Mymensingh,LSTM,XGB,-1.3146229305921464,0.1907411767737899
Mymensingh,LSTM,SARIMA+ANN,-0.6271756900999483,0.5315441756073364
Mymensingh,LSTM,SARIMA+SVR,-0.0032067453288691025,0.9974458609745065
Mymensingh,LSTM,SARIMA+XGB,0.3889046107641143,0.69792518047328
Mymensingh,LSTM,SARIMA+LSTM,1.0894256489134362,0.27779871221171837
Mymensingh,SARIMA+ANN,SNAIVE,-1.5045662425881714,0.13464112906371456
Mymensingh,SARIMA+ANN,SVR,1.6299143534366716,0.10532037702506573
Mymensingh,SARIMA+ANN,XGB,-0.6766249536694502,0.4997369362816892
Mymensingh,SARIMA+ANN,SARIMA+SVR,2.154770077309938,0.0328545147235599
Mymensingh,SARIMA+ANN,SARIMA+XGB,2.7674425036126262,0.0063975903944031775
Mymensingh,SARIMA+ANN,SARIMA+LSTM,3.7975163592788963,0.00021538593624862592
Mymensingh,SARIMA+SVR,SNAIVE,-2.483060302054345,0.014181749093372255
Mymensingh,SARIMA+SVR,SVR,0.6381375289653338,0.5244047501563097
Mymensingh,SARIMA+SVR,XGB,-1.852635849732443,0.06599598279163447
Mymensingh,SARIMA+SVR,SARIMA+XGB,2.7417873879606063,0.006891600248797173
Mymensingh,SARIMA+XGB,SNAIVE,-3.0761067819411303,0.0025135355080534456
Mymensingh,SARIMA+XGB,SVR,0.05221962901122132,0.95842656858404
Mymensingh,SARIMA+XGB,XGB,-2.6403271870874803,0.009202676416656938
Mymensingh,SARIMA+LSTM,SNAIVE,-4.606126603521795,8.991966222390172e-06
Mymensingh,SARIMA+LSTM,SVR,-1.043547888303504,0.2984555368943841
Mymensingh,SARIMA+LSTM,XGB,-4.5555928666337095,1.1100183171691533e-05
Mymensingh,SARIMA+LSTM,SARIMA+SVR,-3.842856096558907,0.00018231410541193929
Mymensingh,SARIMA+LSTM,SARIMA+XGB,-3.1226817257117223,0.0021694826700264097
Rajshahi,SNAIVE,SVR,1.1002912762432855,0.2730539914333057
Rajshahi,SNAIVE,XGB,0.9876000243685096,0.3250166670544189
Rajshahi,SARIMA,SNAIVE,-3.2707432763195596,0.0013442728387838708
Rajshahi,SARIMA,SVR,-5.76302468210398,4.883422192889614e-08
Rajshahi,SARIMA,XGB,-4.606782460157769,8.967327459021528e-06
Rajshahi,SARIMA,SARIMA+ANN,-1.9280602424350233,0.055829492829307395
Rajshahi,SARIMA,SARIMA+SVR,2.239492810634647,0.026667243470392482
Rajshahi,SARIMA,SARIMA+XGB,0.42295231368242653,0.6729654132436421
Rajshahi,SARIMA,SARIMA+LSTM,-0.7346972882109016,0.463726967073931
Rajshahi,ANN,SNAIVE,-1.0765827126410457,0.28347963845952273
Rajshahi,ANN,SARIMA,3.3366237486466503,0.001080804668215071
Rajshahi,ANN,SVR,0.15548735403956257,0.8766563903250408
Rajshahi,ANN,XGB,-0.16169406960649577,0.8717750083907082
Rajshahi,ANN,LSTM,-4.785182306353638,4.210964435881597e-06
Rajshahi,ANN,SARIMA+ANN,2.3087860606227624,0.022388551420598823
Rajshahi,ANN,SARIMA+SVR,4.23468343277844,4.0758648867073257e-05
Rajshahi,ANN,SARIMA+XGB,2.9637155338364507,0.0035616207054688697
Rajshahi,ANN,SARIMA+LSTM,2.2400359770733096,0.026631105010496058
Rajshahi,SVR,XGB,-0.5232811970076493,0.6015885100704934
Rajshahi,LSTM,SNAIVE,4.624723787733622,8.318047777667553e-06
Rajshahi,LSTM,SARIMA,5.577267683285197,1.183115240959317e-07
Rajshahi,LSTM,SVR,4.051487343699567,8.315717393503509e-05
Rajshahi,LSTM,XGB,4.040669652979711,8.667371934004253e-05
Rajshahi,LSTM,SARIMA+ANN,6.475696886451163,1.415056850002696e-09
Rajshahi,LSTM,SARIMA+SVR,6.175236057737154,6.469530954880336e-09
Rajshahi,LSTM,SARIMA+XGB,5.2287771321557175,5.938369929421419e-07
Rajshahi,LSTM,SARIMA+LSTM,5.204156588442989,6.639300254307803e-07
Rajshahi,SARIMA+ANN,SNAIVE,-3.3385660766293634,0.001073824168597339
Rajshahi,SARIMA+ANN,SVR,-2.1922095416143232,0.029981701819603333
Rajshahi,SARIMA+ANN,XGB,-2.8703744904525355,0.004722875864250971
Rajshahi,SARIMA+ANN,SARIMA+SVR,2.9601809917611237,0.003600317642250685
Rajshahi,SARIMA+ANN,SARIMA+XGB,1.7006498032631905,0.09118245172995453
Rajshahi,SARIMA+ANN,SARIMA+LSTM,1.2316898315125022,0.22008657644819016
Rajshahi,SARIMA+SVR,SNAIVE,-3.70907788836017,0.0002969387083537349
Rajshahi,SARIMA+SVR,SVR,-6.782177277448167,2.893047891671041e-10
Rajshahi,SARIMA+SVR,XGB,-5.318497954286773,3.943684428572963e-07
Rajshahi,SARIMA+SVR,SARIMA+XGB,-0.9756270197588364,0.33089686446336447
Rajshahi,SARIMA+XGB,SNAIVE,-2.934762939765475,0.0038901825042501515
Rajshahi,SARIMA+XGB,SVR,-5.56200854557802,1.271361605167113e-07
Rajshahi,SARIMA+XGB,XGB,-4.119413318472143,6.400088953707324e-05
Rajshahi,SARIMA+LSTM,SNAIVE,-3.0155969467291897,0.003035909554086873
Rajshahi,SARIMA+LSTM,SVR,-5.0020350350349645,1.6386634069137325e-06
Rajshahi,SARIMA+LSTM,XGB,-4.9724901958187475,1.8664639445249492e-06
Rajshahi,SARIMA+LSTM,SARIMA+SVR,1.496588729070667,0.136704176971651
Rajshahi,SARIMA+LSTM,SARIMA+XGB,0.89878204204535,0.37027966072541135
Rangamati,SNAIVE,SVR,1.7923502966029325,0.07519107615588168
Rangamati,SNAIVE,XGB,1.422438670157321,0.1570766099191672
Rangamati,SARIMA,SNAIVE,-2.7589145779986897,0.006558110872834303
Rangamati,SARIMA,SVR,-1.1377267568460578,0.2571372667362811
Rangamati,SARIMA,XGB,-2.133853133591403,0.03456095777930186
Rangamati,SARIMA,SARIMA+ANN,-0.75246878379985,0.4530060562195707
Rangamati,SARIMA,SARIMA+SVR,0.509734029754858,0.6110235891994928
Rangamati,SARIMA,SARIMA+XGB,1.189295582295918,0.2362943923026139
Rangamati,SARIMA,SARIMA+LSTM,-0.5334349715276256,0.5945606474346367
Rangamati,ANN,SNAIVE,-1.563126979414465,0.120233068899072
Rangamati,ANN,SARIMA,2.710754335381134,0.007535313154750422
Rangamati,ANN,SVR,0.9975262250913295,0.32019411327890784
Rangamati,ANN,XGB,-0.2751779695996386,0.7835767120450216
Rangamati,ANN,LSTM,-1.8541064167601748,0.0657839360844439
Rangamati,ANN,SARIMA+ANN,1.4348479106348382,0.15351388401353286
Rangamati,ANN,SARIMA+SVR,2.8892329585548366,0.004463509876259838
Rangamati,ANN,SARIMA+XGB,3.4075672978209752,0.0008515177651824762
Rangamati,ANN,SARIMA+LSTM,3.0411217361860134,0.0028044173196515787
Rangamati,SVR,XGB,-1.9049103745374816,0.058799480426507726
Rangamati,LSTM,SNAIVE,-0.158633742299321,0.8741812526338912
Rangamati,LSTM,SARIMA,2.980074802757345,0.003387447173391094
Rangamati,LSTM,SVR,3.069253223398905,0.0025682238738097382
Rangamati,LSTM,XGB,2.395579961283045,0.01788818592487825
Rangamati,LSTM,SARIMA+ANN,3.7676873823797687,0.000240167074879278
Rangamati,LSTM,SARIMA+SVR,2.8482625935813677,0.005044505417077442
Rangamati,LSTM,SARIMA+XGB,3.3864074015756453,0.0009146301990463039
Rangamati,LSTM,SARIMA+LSTM,3.1721266262907073,0.0018523419040116214
Rangamati,SARIMA+ANN,SNAIVE,-2.150155791847219,0.03322455823722145
Rangamati,SARIMA+ANN,SVR,-1.0029503440612373,0.31757893202436466
Rangamati,SARIMA+ANN,XGB,-3.2686561238319296,0.0013535252716262993
Rangamati,SARIMA+ANN,SARIMA+SVR,0.7782170766730249,0.4377267872735615
Rangamati,SARIMA+ANN,SARIMA+XGB,1.2872219587570908,0.20009651197980186
Rangamati,SARIMA+ANN,SARIMA+LSTM,0.7241423863983422,0.4701613683872752
Rangamati,SARIMA+SVR,SNAIVE,-2.753356891946855,0.006664683696558108
Rangamati,SARIMA+SVR,SVR,-1.1792389071105926,0.24026131579827056
Rangamati,SARIMA+SVR,XGB,-2.017993584278134,0.04546224519462344
Rangamati,SARIMA+SVR,SARIMA+XGB,0.6030352338773631,0.5474404667803658
Rangamati,SARIMA+XGB,SNAIVE,-2.6661289714106147,0.00855662922699582
Rangamati,SARIMA+XGB,SVR,-1.6542688070189269,0.10026628730384769
Rangamati,SARIMA+XGB,XGB,-2.4475900373748107,0.015593014564063614
Rangamati,SARIMA+LSTM,SNAIVE,-2.5595030733895996,0.011520838084756995
Rangamati,SARIMA+LSTM,SVR,-1.1859322059090216,0.23761585638950478
Rangamati,SARIMA+LSTM,XGB,-2.2167201116453694,0.02822139078818505
Rangamati,SARIMA+LSTM,SARIMA+SVR,0.6823572412195433,0.49611691321173756
Rangamati,SARIMA+LSTM,SARIMA+XGB,2.8351596154542316,0.005244414080774185
Rangpur,SNAIVE,SVR,2.7117827177012095,0.007513137324372022
Rangpur,SNAIVE,XGB,1.0429487185106951,0.2987320038430152
Rangpur,SARIMA,SNAIVE,-5.177980684494927,7.47279346199895e-07
Rangpur,SARIMA,SVR,-1.4092702338092071,0.16092620726533818
Rangpur,SARIMA,XGB,-4.6633950936654855,7.069340206025355e-06
Rangpur,SARIMA,SARIMA+ANN,-2.7766457386699948,0.006228373421256935
Rangpur,SARIMA,SARIMA+SVR,0.4692469224397498,0.6396078094886528
Rangpur,SARIMA,SARIMA+XGB,0.714565562073304,0.47604239013185046
Rangpur,SARIMA,SARIMA+LSTM,-0.14356961273000612,0.8860424545730274
Rangpur,ANN,SNAIVE,-1.3857801727776733,0.16797141364762339
Rangpur,ANN,SARIMA,2.8589214493301753,0.004887047901315833
Rangpur,ANN,SVR,1.6307100856467385,0.10515207574187956
Rangpur,ANN,XGB,-0.468990591011625,0.6397905763107016
Rangpur,ANN,LSTM,-0.4058595643804415,0.6854524361950567
Rangpur,ANN,SARIMA+ANN,0.9015952269538087,0.36878794621394495
Rangpur,ANN,SARIMA+SVR,2.751290540901644,0.006704707093901531
Rangpur,ANN,SARIMA+XGB,3.514431016067179,0.0005905240253044968
Rangpur,ANN,SARIMA+LSTM,2.753442001606641,0.006663039861170633
Rangpur,SVR,XGB,-3.87126791740135,0.0001641128800026706
Rangpur,LSTM,SNAIVE,-0.7481517806287052,0.4555972711365986
Rangpur,LSTM,SARIMA,1.8843549344548005,0.061546660376870066
Rangpur,LSTM,SVR,1.1810253976613239,0.23955317993348396
Rangpur,LSTM,XGB,0.01794195455462729,0.9857101687372242
Rangpur,LSTM,SARIMA+ANN,0.7878448808115716,0.43209142476219686
Rangpur,LSTM,SARIMA+SVR,1.9898314647336584,0.04851648156654939
Rangpur,LSTM,SARIMA+XGB,2.2010789724895665,0.029333997881552054
Rangpur,LSTM,SARIMA+LSTM,1.821846103434265,0.07056799209917793
Rangpur,SARIMA+ANN,SNAIVE,-2.852647041489226,0.00497918350003656
Rangpur,SARIMA+ANN,SVR,0.6990701975243514,0.4856436294904437
Rangpur,SARIMA+ANN,XGB,-2.5768365136748397,0.010983614076317079
Rangpur,SARIMA+ANN,SARIMA+SVR,2.5981833512764108,0.010352969985061532
Rangpur,SARIMA+ANN,SARIMA+XGB,2.3431183252809182,0.020501393597078085
Rangpur,SARIMA+ANN,SARIMA+LSTM,3.183740436590868,0.001784373488433852
Rangpur,SARIMA+SVR,SNAIVE,-6.443474117041944,1.6685389506117728e-09
Rangpur,SARIMA+SVR,SVR,-1.3535218783748044,0.17802454868339124
Rangpur,SARIMA+SVR,XGB,-3.8792398714991205,0.00015932479327016426
Rangpur,SARIMA+SVR,SARIMA+XGB,0.19387046438811353,0.8465524324895851
Rangpur,SARIMA+XGB,SNAIVE,-4.6383101498215,7.856823947871098e-06
Rangpur,SARIMA+XGB,SVR,-1.6298003845559657,0.10534449967951381
Rangpur,SARIMA+XGB,XGB,-4.736108993070372,5.1939807670953394e-06
Rangpur,SARIMA+LSTM,SNAIVE,-5.128482794206521,9.336059302348894e-07
Rangpur,SARIMA+LSTM,SVR,-1.4718170476986396,0.1432676314394208
Rangpur,SARIMA+LSTM,XGB,-5.0593956046074995,1.2709621771684553e-06
Rangpur,SARIMA+LSTM,SARIMA+SVR,0.43793260541287293,0.662095916216254
Rangpur,SARIMA+LSTM,SARIMA+XGB,0.6163284748172314,0.538657636860054
Srimongal,SNAIVE,SVR,2.936916802880534,0.00386481364974034
Srimongal,SNAIVE,XGB,0.864167733248073,0.38894298354569135
Srimongal,SARIMA,SNAIVE,-4.539958660264013,1.1843890872207667e-05
Srimongal,SARIMA,SVR,-3.8416406079636363,0.00018313404291956048
Srimongal,SARIMA,XGB,-5.336936342036016,3.623607418328446e-07
Srimongal,SARIMA,SARIMA+ANN,-3.34235659454903,0.0010603226934720656
Srimongal,SARIMA,SARIMA+SVR,0.05668083142971883,0.954878564758209
Srimongal,SARIMA,SARIMA+XGB,-0.08282784332367608,0.9341042578266654
Srimongal,SARIMA,SARIMA+LSTM,1.896198141575104,0.059951024251487135
Srimongal,ANN,SNAIVE,-2.34504794489845,0.020399615706984876
Srimongal,ANN,SARIMA,5.476491455844603,1.8985477630566966e-07
Srimongal,ANN,SVR,2.6742913217801036,0.008360954794388935
Srimongal,ANN,XGB,-0.9576082962325065,0.3398765023906241
Srimongal,ANN,LSTM,0.560226941736925,0.576201254071586
Srimongal,ANN,SARIMA+ANN,2.296947499769288,0.02307380007624306
Srimongal,ANN,SARIMA+SVR,5.524436767961724,1.5169786567533055e-07
Srimongal,ANN,SARIMA+XGB,5.497356583979594,1.7221784068781464e-07
Srimongal,ANN,SARIMA+LSTM,6.789282414195795,2.78734396903904e-10
Srimongal,SVR,XGB,-3.4532594784186124,0.0007288920840250906
Srimongal,LSTM,SNAIVE,-1.8872227025556156,0.06115706129436285
Srimongal,LSTM,SARIMA,3.6258336305435948,0.0003997343469207365
Srimongal,LSTM,SVR,1.285508002043066,0.20069275640821538
Srimongal,LSTM,XGB,-1.3463166214949942,0.1803306476282174
Srimongal,LSTM,SARIMA+ANN,1.4490481196957825,0.1495135135036833
Srimongal,LSTM,SARIMA+SVR,3.5610762171569754,0.0005020473288885259
Srimongal,LSTM,SARIMA+XGB,3.7747443425913088,0.00023407127472733575
Srimongal,LSTM,SARIMA+LSTM,3.804241739105281,0.00021014403576743827
Srimongal,SARIMA+ANN,SNAIVE,-2.6808464698516117,0.008206747984484406
Srimongal,SARIMA+ANN,SVR,0.040913326507892624,0.9674220607375157
Srimongal,SARIMA+ANN,XGB,-5.319179704544365,3.931373584761054e-07
Srimongal,SARIMA+ANN,SARIMA+SVR,3.0688188712695874,0.002571726593281252
Srimongal,SARIMA+ANN,SARIMA+XGB,3.7638598896722835,0.000243535906138539
Srimongal,SARIMA+ANN,SARIMA+LSTM,3.7682994939700514,0.00023963242944775444
Srimongal,SARIMA+SVR,SNAIVE,-4.618299326876365,8.545145455213678e-06
Srimongal,SARIMA+SVR,SVR,-3.6028095810545224,0.00043361843489882055
Srimongal,SARIMA+SVR,XGB,-5.119200308415441,9.732620778563734e-07
Srimongal,SARIMA+SVR,SARIMA+XGB,-0.07651473053224163,0.9391165420005035
Srimongal,SARIMA+XGB,SNAIVE,-4.485065298464747,1.4854818095683943e-05
Srimongal,SARIMA+XGB,SVR,-3.9004755798873636,0.00014721003514587034
Srimongal,SARIMA+XGB,XGB,-5.733006825053148,5.640508325427412e-08
Srimongal,SARIMA+LSTM,SNAIVE,-5.579985762785266,1.168037239704487e-07
Srimongal,SARIMA+LSTM,SVR,-4.567266714978734,1.0574457599156708e-05
Srimongal,SARIMA+LSTM,XGB,-5.803630432512408,4.015649490893687e-08
Srimongal,SARIMA+LSTM,SARIMA+SVR,-1.8491245832568943,0.06650458857480862
Srimongal,SARIMA+LSTM,SARIMA+XGB,-1.831042388087768,0.06917570707013854
Sylhet,SNAIVE,SVR,3.5924828594200857,0.00044968053717880084
Sylhet,SNAIVE,XGB,1.0316325358587504,0.30398592449840417
Sylhet,SARIMA,SNAIVE,-4.443709609514626,1.7597343757923712e-05
Sylhet,SARIMA,SVR,-0.22591869164029413,0.8215872377473313
Sylhet,SARIMA,XGB,-3.5105631098182695,0.0005984843794801695
Sylhet,SARIMA,SARIMA+ANN,-0.6218485314956631,0.5350316354083724
Sylhet,SARIMA,SARIMA+SVR,0.7986321239047608,0.42582814403837277
Sylhet,SARIMA,SARIMA+XGB,-0.12161657592987593,0.9033734170960048
Sylhet,SARIMA,SARIMA+LSTM,0.07820756799285046,0.9377722692702304
Sylhet,ANN,SNAIVE,-1.0353322679140424,0.3022614165307731
Sylhet,ANN,SARIMA,4.167721449860362,5.302921433283678e-05
Sylhet,ANN,SVR,5.563822954011152,1.260540640624346e-07
Sylhet,ANN,XGB,0.07455117000893262,0.9406760137837761
Sylhet,ANN,LSTM,1.4355191183690705,0.1533229630910064
Sylhet,ANN,SARIMA+ANN,5.233159448128934,5.821403745044308e-07
Sylhet,ANN,SARIMA+SVR,5.120526897110652,9.674959593920125e-07
Sylhet,ANN,SARIMA+XGB,4.198392828592654,4.702397886689489e-05
Sylhet,ANN,SARIMA+LSTM,4.304083011267925,3.093447532544785e-05
Sylhet,SVR,XGB,-4.751394126762133,4.8661440238492895e-06
Sylhet,LSTM,SNAIVE,-1.504293019446231,0.1347113822343838
Sylhet,LSTM,SARIMA,2.5020224389697483,0.013475000786565952
Sylhet,LSTM,SVR,2.130412808420273,0.03484883145009222
Sylhet,LSTM,XGB,-0.9004877339909076,0.36937475204250436
Sylhet,LSTM,SARIMA+ANN,2.667245399260599,0.00852962330225181
Sylhet,LSTM,SARIMA+SVR,2.6763799961330945,0.008311537714486956
Sylhet,LSTM,SARIMA+XGB,2.4853864930919896,0.014093305213687788
Sylhet,LSTM,SARIMA+LSTM,2.655591292808199,0.008815362266677097
Sylhet,SARIMA+ANN,SNAIVE,-3.7638335506244704,0.0002435592433255885
Sylhet,SARIMA+ANN,SVR,0.029685088632550736,0.9763595937344303
Sylhet,SARIMA+ANN,XGB,-3.7380000578462718,0.0002674980693642389
Sylhet,SARIMA+ANN,SARIMA+SVR,1.4500290066103876,0.14924018158334226
Sylhet,SARIMA+ANN,SARIMA+XGB,0.5820515328868393,0.5614484830301071
Sylhet,SARIMA+ANN,SARIMA+LSTM,0.7135463020165446,0.4766706968612652
Sylhet,SARIMA+SVR,SNAIVE,-4.604737011827792,9.044385566243499e-06
Sylhet,SARIMA+SVR,SVR,-0.5351345571855034,0.5933880048002212
Sylhet,SARIMA+SVR,XGB,-3.710764358963492,0.00029514101582808126
Sylhet,SARIMA+SVR,SARIMA+XGB,-0.814370650305331,0.4167867392078485
Sylhet,SARIMA+XGB,SNAIVE,-4.382905947891405,2.2531489521974614e-05
Sylhet,SARIMA+XGB,SVR,-0.22184797322292288,0.8247487375636834
Sylhet,SARIMA+XGB,XGB,-3.7301538376797834,0.00027519933241423005
Sylhet,SARIMA+LSTM,SNAIVE,-4.230861048963194,4.137880185819818e-05
Sylhet,SARIMA+LSTM,SVR,-0.26686964371956967,0.789953991404826
Sylhet,SARIMA+LSTM,XGB,-3.531097310305894,0.000557349422638528
Sylhet,SARIMA+LSTM,SARIMA+SVR,0.6038198154460077,0.5469201132721522
Sylhet,SARIMA+LSTM,SARIMA+XGB,-0.12236073972357824,0.9027851216436846
