date,station,model,forecast,lower95,upper95,sarima_forecast,sarima_lower95,sarima_upper95,observed,error,snaive
2024-01-01,Dhaka,SARIMA+SVR,25.35656822737769,23.32265255370362,27.39773318492571,25.35434438377501,23.53302864104479,27.17566012650524,23.08,-2.276568227377691,25.08
2024-02-01,Dhaka,SARIMA+SVR,28.98862384432038,26.95470817064631,31.0297888018684,28.929364821694197,27.01595850520085,30.84277113818754,28.51,-0.47862384432037786,29.32
2024-03-01,Dhaka,SARIMA+SVR,33.21259631729338,31.178680643619312,35.2537612748414,32.99495596154101,31.047234245811232,34.94267767727079,31.82,-1.392596317293382,32.35
2024-04-01,Dhaka,SARIMA+SVR,34.59282395280268,32.558908279128616,36.6339889103507,34.62966904714079,32.66888794959481,36.59045014468676,37.02,2.427176047197321,36.36
2024-05-01,Dhaka,SARIMA+SVR,34.474478280999286,32.44056260732522,36.515643238547305,34.22744455510867,32.2616556288232,36.19323348139414,34.93,0.45552171900071414,35.44
2024-06-01,Dhaka,SARIMA+SVR,33.455044622695304,31.421128949021234,35.496209580243324,33.40949236120358,31.44177762744524,35.377207094961925,34.19,0.7349553773046935,34.2
2024-07-01,Dhaka,SARIMA+SVR,33.05073725179172,31.016821578117646,35.091902209339736,32.92590840594906,30.95745228163603,34.89436453026209,33.85,0.7992627482082781,34.41
2024-08-01,Dhaka,SARIMA+SVR,33.26632590333113,31.23241022965706,35.30749086087915,33.03442821292458,31.065686556295173,35.00316986955399,32.27,-0.996325903331126,32.73
2024-09-01,Dhaka,SARIMA+SVR,33.43230811484491,31.39839244117084,35.47347307239293,33.22115015274515,31.252298523231488,35.19000178225882,33.53,0.09769188515509342,34.03
2024-10-01,Dhaka,SARIMA+SVR,32.80399712464428,30.770081450970213,34.8451620821923,32.58379182695008,30.614897869969067,34.55268578393108,32.77,-0.03399712464428006,32.81
2024-11-01,Dhaka,SARIMA+SVR,30.513243952017845,28.479328278343772,32.554408909565865,30.385526198959067,28.416616031294573,32.35443636662356,31.27,0.7567560479821545,30.92
2024-12-01,Dhaka,SARIMA+SVR,26.610327890126328,24.57641221645226,28.651492847674348,26.51742218569681,24.54850602033037,28.486338351063253,27.18,0.5696721098736717,26.74
2025-01-01,Dhaka,SARIMA+SVR,25.352400045586208,23.318484371912135,27.393565003134228,25.230330633146004,23.25548642317332,27.20517484311869,25.39,0.0375999544137926,25.08
2025-02-01,Dhaka,SARIMA+SVR,28.96728275631388,26.93336708263981,31.0084477138619,28.861612576737794,26.886131255107408,30.83709389836818,29.6,0.6327172436861197,29.32
2025-03-01,Dhaka,SARIMA+SVR,33.08602359819665,31.052107924522577,35.12718855574467,32.96212387839424,30.98639717162681,34.93785058516167,33.73,0.64397640180335,32.35
2025-04-01,Dhaka,SARIMA+SVR,34.76877212674135,32.73485645306728,36.809937084289366,34.61851106756149,32.642689837218974,36.59433229790401,34.56,-0.20877212674134427,36.36
2025-05-01,Dhaka,SARIMA+SVR,34.37966117728387,32.345745503609805,36.42082613483189,34.22973916970734,32.253881526752075,36.2055968126626,34.25,-0.1296611772838716,35.44
2025-06-01,Dhaka,SARIMA+SVR,33.631094045004566,31.597178371330497,35.672259002552586,33.42013667707379,31.444265007559025,35.39600834658856,33.47,-0.16109404500456748,34.2
2025-07-01,Dhaka,SARIMA+SVR,33.175956196014454,31.142040522340384,35.21712115356247,32.94173518034004,30.96585810937017,34.91761225130991,32.5,-0.6759561960144538,34.41
2025-08-01,Dhaka,SARIMA+SVR,33.30266695982649,31.26875128615242,35.34383191737451,33.053471614527254,31.0775924681387,35.02935076091581,32.85,-0.4526669598264874,32.73
2025-09-01,Dhaka,SARIMA+SVR,33.482143332480106,31.44822765880604,35.523308290028126,33.24219003740263,31.266310105569005,35.218069969236254,33.66,0.17785666751989027,34.03
2025-10-01,Dhaka,SARIMA+SVR,32.81051922020801,30.776603546533934,34.85168417775603,32.606070880564914,30.6301906827113,34.58195107841853,33.2,0.38948077979199525,32.81
2025-11-01,Dhaka,SARIMA+SVR,30.57621153581344,28.54229586213937,32.61737649336146,30.4085743749069,28.43269416948403,32.38445458032977,30.69,0.11378846418656252,30.92
2025-12-01,Dhaka,SARIMA+SVR,26.66957802662857,24.6356623529545,28.71074298417659,26.540947737356483,24.56506777538967,28.516827699323294,25.96,-0.7095780266285701,26.74
2024-01-01,Chittagong,SARIMA+LSTM,27.12692620348858,25.448799776695576,28.801757588356324,27.096529776427573,25.59991250856731,28.59314704428784,24.83,-2.2969262034885816,27.1
2024-02-01,Chittagong,SARIMA+LSTM,29.49657787315516,27.81845144636216,31.171409258022905,29.468399212311358,27.875146444025265,31.061651980597446,28.7,-0.7965778731551616,28.91
2024-03-01,Chittagong,SARIMA+LSTM,32.07749973080149,30.39937330400849,33.75233111566924,32.04237281902248,30.42823294191167,33.65651269613329,31.73,-0.3474997308014913,32.1
2024-04-01,Chittagong,SARIMA+LSTM,33.11569147117939,31.437565044386385,34.79052285604713,33.091664013767776,31.468566644789565,34.71476138274599,34.85,1.7343085288206126,34.13
2024-05-01,Chittagong,SARIMA+LSTM,33.44261290364331,31.764486476850305,35.11744428851105,33.44392665911504,31.814664016282723,35.073189301947345,34.09,0.6473870963566952,33.24
2024-06-01,Chittagong,SARIMA+LSTM,32.608000996320484,30.92987456952748,34.28283238118823,32.597477604266345,30.9629606728982,34.23199453563449,33.2,0.5919990036795184,32.88
2024-07-01,Chittagong,SARIMA+LSTM,32.03094270859866,30.35281628180565,33.7057740934664,32.02944285674637,30.3900946661506,33.66879104734215,32.57,0.5390572914013418,33.69
2024-08-01,Chittagong,SARIMA+LSTM,32.26767739787183,30.589550971078825,33.94250878273957,32.29925032061669,30.655349446385724,33.94315119484766,30.6,-1.6676773978718273,31.26
2024-09-01,Chittagong,SARIMA+LSTM,32.746726606247705,31.0686001794547,34.42155799111545,32.73922428795436,31.09100015132335,34.387448424585365,32.92,0.17327339375229656,33.1
2024-10-01,Chittagong,SARIMA+LSTM,32.62642246210616,30.948296035313152,34.3012538469739,32.63518251294113,30.9828436644102,34.28752136147206,33.03,0.4035775378938382,32.26
2024-11-01,Chittagong,SARIMA+LSTM,30.96513184708672,29.287005420293717,32.63996323195446,30.96268714808864,29.3064325095083,32.618941786668984,31.49,0.5248681529132782,31.21
2024-12-01,Chittagong,SARIMA+LSTM,28.051047465417305,26.372921038624305,29.72587885028505,28.05770535633268,26.39774623034882,29.71766448231654,28.71,0.6589525345826956,28.1
2025-01-01,Chittagong,SARIMA+LSTM,27.046577997470315,25.368451570677312,28.72140938233806,27.052326035578638,25.386933802944498,28.71771826821277,27.02,-0.02657799747031575,27.1
2025-02-01,Chittagong,SARIMA+LSTM,29.417516104817437,27.73938967802443,31.092347489685174,29.42469672366763,27.75521802121042,31.09417542612484,29.8,0.3824838951825633,28.91
2025-03-01,Chittagong,SARIMA+LSTM,31.9914324798612,30.3133060530682,33.66626386472895,31.999871957557424,30.326844259968983,33.67289965514586,32.0,0.008567520138800688,32.1
2025-04-01,Chittagong,SARIMA+LSTM,33.04081478029788,31.362688353504875,34.71564616516562,33.0505518605723,31.374238768335346,34.72686495280926,33.02,-0.020814780297875757,34.13
2025-05-01,Chittagong,SARIMA+LSTM,33.39353996424776,31.715413537454754,35.0683713491155,33.40423657679226,31.724819272205284,35.08365388137923,33.43,0.03646003575224199,33.24
2025-06-01,Chittagong,SARIMA+LSTM,32.54811759761285,30.869991170819848,34.222948982480595,32.55919727318669,30.876828172742545,34.24156637363084,31.99,-0.5581175976128527,32.88
2025-07-01,Chittagong,SARIMA+LSTM,31.98081340743129,30.30268698063829,33.65564479229904,31.992546727260752,30.30736522530581,33.677728229215695,31.08,-0.9008134074312935,33.69
2025-08-01,Chittagong,SARIMA+LSTM,32.25153423012574,30.57340780333274,33.926365614993486,32.26370935348171,30.575846697667394,33.95157200929602,32.06,-0.19153423012573967,31.26
2025-09-01,Chittagong,SARIMA+LSTM,32.69306652188749,31.014940095094484,34.36789790675523,32.70500887040099,31.01458998368213,34.39542775711985,32.91,0.21693347811250874,33.1
2025-10-01,Chittagong,SARIMA+LSTM,32.589655146054014,30.91152871926101,34.26448653092176,32.6022633243518,30.90940823624323,34.29511841246036,33.4,0.8103448539459848,32.26
2025-11-01,Chittagong,SARIMA+LSTM,30.918151651077302,29.2400252242843,32.592983035945046,30.93103540979261,29.235863112638317,32.62620770694691,31.15,0.23184834892269635,31.21
2025-12-01,Chittagong,SARIMA+LSTM,28.01390359463648,26.33577716784348,29.688734979504225,28.027292896566696,26.32994282862013,29.72464296451326,27.55,-0.4639035946364807,28.1
2024-01-01,Barisal,SARIMA,26.0615090294475,24.3302126372709,27.379402750133178,26.0615090294475,24.57123240015273,27.551785658742265,23.99,-2.071509029447501,26.33
2024-02-01,Barisal,SARIMA,29.35232363842098,27.62102724624438,30.67021735910666,29.35232363842098,27.820777938653663,30.88386933818829,29.06,-0.2923236384209815,29.94
2024-03-01,Barisal,SARIMA,33.047735242031635,31.31643884985504,34.36562896271731,33.047735242031635,31.505529836661392,34.589940647401875,32.16,-0.8877352420316384,32.53
2024-04-01,Barisal,SARIMA,34.375128676543525,32.64383228436692,35.6930223972292,34.375128676543525,32.830134778337474,35.92012257474958,36.54,2.164871323456474,35.42
2024-05-01,Barisal,SARIMA,34.23843758496982,32.50714119279323,35.556331305655505,34.23843758496982,32.692711882662834,35.78416328727681,34.85,0.6115624150301784,34.61
2024-06-01,Barisal,SARIMA,32.98941548381088,31.25811909163428,34.30730920449656,32.98941548381088,31.44349756769916,34.5353333999226,34.51,1.5205845161891176,33.53
2024-07-01,Barisal,SARIMA,32.14161604762325,30.410319655446653,33.45950976830893,32.14161604762325,30.59564763515267,33.68758446009384,32.74,0.59838395237675,33.4
2024-08-01,Barisal,SARIMA,32.248735202991405,30.51743881081481,33.56662892367709,32.248735202991405,30.70275352830283,33.79471687767998,31.06,-1.1887352029914062,31.83
2024-09-01,Barisal,SARIMA,32.62105787004509,30.889761477868493,33.93895159073077,32.62105787004509,31.07507272895412,34.167043011136066,33.17,0.5489421299549093,32.87
2024-10-01,Barisal,SARIMA,32.42823922784431,30.69694283566771,33.74613294852999,32.42823922784431,30.88225324469131,33.97422521099731,32.86,0.4317607721556911,32.45
2024-11-01,Barisal,SARIMA,30.51850675587649,28.78721036369989,31.83640047656217,30.51850675587649,28.97252081291216,32.06449269884083,30.8,0.28149324412351007,30.68
2024-12-01,Barisal,SARIMA,27.113631208810315,25.382334816633715,28.431524929495996,27.113631208810315,25.56764627142968,28.65961614619095,27.17,0.05636879118968707,27.27
2025-01-01,Barisal,SARIMA,26.03000947388759,24.29871308171099,27.347903194573263,26.03000947388759,24.481639518922904,27.578379428852276,25.78,-0.2500094738875873,26.33
2025-02-01,Barisal,SARIMA,29.349002613062016,27.617706220885417,30.66689633374769,29.349002613062016,27.80049695320244,30.89750827292159,29.44,0.09099738693798542,29.94
2025-03-01,Barisal,SARIMA,33.05885791749953,31.32756152532293,34.37675163818521,33.05885791749953,31.51031660499893,34.607399230000134,33.08,0.021142082500468007,32.53
2025-04-01,Barisal,SARIMA,34.39365487845826,32.66235848628166,35.71154859914394,34.39365487845826,32.84510419886873,35.94220555804778,33.79,-0.6036548784582578,35.42
2025-05-01,Barisal,SARIMA,34.26075867328563,32.52946228110903,35.57865239397131,34.26075867328563,32.71220553271585,35.80931181385541,34.26,-0.0007586732856310618,34.61
2025-06-01,Barisal,SARIMA,33.01368174823978,31.282385356063184,34.331575468925465,33.01368174823978,31.46512796140825,34.56223553507132,32.49,-0.5236817482397811,33.53
2025-07-01,Barisal,SARIMA,32.16687936696001,30.43558297478341,33.48477308764569,32.16687936696001,30.61832541157571,33.71543332234431,31.77,-0.396879366960011,33.4
2025-08-01,Barisal,SARIMA,32.274509590957166,30.543213198780567,33.59240331164284,32.274509590957166,30.72595559602153,33.823063585892804,32.28,0.005490409042835154,31.83
2025-09-01,Barisal,SARIMA,32.64709422065854,30.91579782848194,33.96498794134422,32.64709422065854,31.09854023334794,34.195648207969136,33.33,0.6829057793414606,32.87
2025-10-01,Barisal,SARIMA,32.45440985480517,30.72311346262857,33.77230357549085,32.45440985480517,30.90585593807092,34.00296377153942,33.01,0.5555901451948273,32.45
2025-11-01,Barisal,SARIMA,30.544746209968384,28.813449817791785,31.862639930654066,30.544746209968384,28.99619257277259,32.09329984716418,30.55,0.005253790031616745,30.68
2025-12-01,Barisal,SARIMA,27.13990594219045,25.40860955001385,28.457799662876127,27.13990594219045,25.591353371814435,28.688458512566463,26.22,-0.9199059421904501,27.27
2024-01-01,Bogra,SARIMA+XGB,24.06465848172469,21.76452332016928,26.247866194936584,24.258831817753745,22.17813379388575,26.33952984162174,21.39,-2.6746584817246877,24.13
2024-02-01,Bogra,SARIMA+XGB,28.27286941949879,25.97273425794338,30.45607713271068,27.96427704040562,25.825905788641265,30.10264829216997,27.21,-1.0628694194987887,28.55
2024-03-01,Bogra,SARIMA+XGB,31.90565149839275,29.60551633683734,34.08885921160464,31.81112251038902,29.66955585108586,33.95268916969218,30.55,-1.3556514983927492,31.4
2024-04-01,Bogra,SARIMA+XGB,33.68296118073608,31.38282601918067,35.86616889394797,33.49236848943378,31.350622374642438,35.634114604225125,37.04,3.35703881926392,35.33
2024-05-01,Bogra,SARIMA+XGB,33.628346220343914,31.328211058788504,35.81155393355581,33.33759765395483,31.19584145336385,35.479353854545806,34.3,0.6716537796560829,34.61
2024-06-01,Bogra,SARIMA+XGB,33.423254605387186,31.123119443831776,35.60646231859908,33.35017323866937,31.208416471210235,35.491930006128506,33.33,-0.09325460538718744,34.86
2024-07-01,Bogra,SARIMA+XGB,33.063210999159345,30.76307583760393,35.24641871237124,32.93299849846793,30.79124169914813,35.07475529778773,34.03,0.9667890008406559,34.15
2024-08-01,Bogra,SARIMA+XGB,33.02431416672465,30.72417900516924,35.20752187993654,33.27016613048312,31.1284093293726,35.41192293159364,32.72,-0.3043141667246516,33.1
2024-09-01,Bogra,SARIMA+XGB,33.114168907158536,30.81403374560313,35.29737662037043,33.12758066096948,30.98582385975836,35.269337462180594,33.7,0.5858310928414667,34.02
2024-10-01,Bogra,SARIMA+XGB,32.59600320791004,30.295868046354627,34.77921092112193,32.55808610056636,30.416329299350444,34.69984290178228,31.98,-0.6160032079100368,32.33
2024-11-01,Bogra,SARIMA+XGB,30.481089873064143,28.180954711508733,32.664297586276035,30.57962029968558,28.437863498484504,32.721377100886656,30.72,0.23891012693585623,31.22
2024-12-01,Bogra,SARIMA+XGB,25.992034313116317,23.691899151560904,28.17524202632821,26.074981075558902,23.933224274627545,28.21673787649026,26.52,0.5279656868836824,26.48
2025-01-01,Bogra,SARIMA+XGB,23.93972090740146,21.63958574584605,26.12292862061335,24.10206284482421,21.96005626576969,26.24406942387873,24.5,0.5602790925985417,24.13
2025-02-01,Bogra,SARIMA+XGB,27.600350266363435,25.300215104808025,29.783557979575328,27.816322838928517,25.67430222175877,29.958343456098252,28.62,1.019649733636566,28.55
2025-03-01,Bogra,SARIMA+XGB,31.668980214155425,29.36884505260001,33.85218792736732,31.89958146528076,29.75756005910538,34.04160287145614,32.32,0.651019785844575,31.4
2025-04-01,Bogra,SARIMA+XGB,33.427382939988,31.12724777843259,35.61059065319989,33.616930478745324,31.474909028224108,35.75895192926654,33.88,0.4526170600120025,35.33
2025-05-01,Bogra,SARIMA+XGB,33.212328181023814,30.912193019468404,35.39553589423571,33.396628916616656,31.254607463602994,35.53865036963032,33.53,0.3176718189761871,34.61
2025-06-01,Bogra,SARIMA+XGB,33.357028349634106,31.056893188078696,35.540236062846,33.40070027052968,31.25867881737593,35.54272172368343,33.86,0.5029716503658932,34.86
2025-07-01,Bogra,SARIMA+XGB,33.10527543118015,30.805140269624737,35.28848314439204,33.10947077674582,30.9674493235842,35.25149222990744,32.86,-0.24527543118014705,34.15
2025-08-01,Bogra,SARIMA+XGB,33.26096105469853,30.96082589314312,35.44416876791042,33.31323673470408,31.17121528154201,35.455258187866136,32.58,-0.6809610546985283,33.1
2025-09-01,Bogra,SARIMA+XGB,33.0943910850399,30.79425592348449,35.277598798251795,33.17677042616539,31.03474897300334,35.31879187932744,33.52,0.425608914960101,34.02
2025-10-01,Bogra,SARIMA+XGB,32.52376398889842,30.223628827343013,34.70697170211032,32.568001762763885,30.425980309602476,34.7100232159253,32.77,0.24623601110157978,32.33
2025-11-01,Bogra,SARIMA+XGB,30.53853760006976,28.23840243851435,32.72174531328165,30.66463139000487,28.522609936854856,32.806652843154886,30.1,-0.4385376000697576,31.22
2025-12-01,Bogra,SARIMA+XGB,25.993134084440136,23.69299892288473,28.17634179765203,26.161250192023186,24.019228739075952,28.30327164497041,24.84,-1.1531340844401363,26.48
2024-01-01,Comilla,SARIMA+SVR,25.63038275985749,23.250188800051703,27.37004642918057,25.67265714544299,24.04267310360745,27.302641187278528,23.05,-2.580382759857489,26.17
2024-02-01,Comilla,SARIMA+SVR,28.55952770693096,26.17933374712517,30.29919137625404,28.41023429568463,26.723049205905344,30.09741938546392,28.14,-0.4195277069309604,28.92
2024-03-01,Comilla,SARIMA+SVR,31.75041226498609,29.370218305180305,33.49007593430917,31.601376541410296,29.89630612622334,33.306446956597256,30.71,-1.040412264986088,31.43
2024-04-01,Comilla,SARIMA+SVR,33.23655502733874,30.856361067532955,34.97621869666182,33.16119019222214,31.45044035437612,34.87194003006817,34.54,1.3034449726612607,34.61
2024-05-01,Comilla,SARIMA+SVR,33.57206055244422,31.19186659263844,35.3117242217673,33.39060464636867,31.67804277383792,35.10316651889943,34.1,0.5279394475557808,34.15
2024-06-01,Comilla,SARIMA+SVR,32.42237505412089,30.042181094315108,34.16203872344397,32.461643336953124,30.74850246703941,34.17478420686684,32.66,0.2376249458791051,32.79
2024-07-01,Comilla,SARIMA+SVR,32.19538356124818,29.815189601442395,33.93504723057126,32.06729275919316,30.3539667967583,33.78061872162802,32.98,0.7846164387518186,33.39
2024-08-01,Comilla,SARIMA+SVR,32.4563222675861,30.07612830778032,34.19598593690918,32.3942911936184,30.680906057856475,34.107676329380325,30.78,-1.6763222675861016,31.56
2024-09-01,Comilla,SARIMA+SVR,32.85793856244156,30.477744602635777,34.59760223176464,32.73592917378225,31.022525137123512,34.449333210441,33.34,0.48206143755844266,33.5
2024-10-01,Comilla,SARIMA+SVR,32.330287504373906,29.950093544568123,34.069951173696985,32.21518147533083,30.50177145604629,33.92859149461537,32.61,0.279712495626093,32.31
2024-11-01,Comilla,SARIMA+SVR,30.28774492532173,27.907550965515945,32.02740859464481,30.22470735978559,28.51129561812262,31.93811910144856,31.19,0.9022550746782727,30.82
2024-12-01,Comilla,SARIMA+SVR,26.841395299611325,24.46120133980554,28.581058968934403,26.76007991742849,25.04666822104308,28.473491613813906,27.09,0.24860470038867533,27.19
2025-01-01,Comilla,SARIMA+SVR,25.60394643046796,23.223752470662173,27.34361009979104,25.51620567764428,23.79922144249583,27.23318991279272,25.72,0.11605356953203838,26.17
2025-02-01,Comilla,SARIMA+SVR,28.434077286996743,26.05388332719096,30.173740956319826,28.330716464845185,26.61347245820753,30.04796047148284,29.2,0.7659227130032562,28.92
2025-03-01,Comilla,SARIMA+SVR,31.697978703442335,29.317784743636555,33.43764237276542,31.565362106989117,29.8480350461082,33.282689167870025,32.18,0.4820212965576651,31.43
2025-04-01,Comilla,SARIMA+SVR,33.26420805070885,30.88401409090307,35.00387172003193,33.14977547223961,31.432421855478243,34.86712908900098,33.16,-0.10420805070885564,34.61
2025-05-01,Comilla,SARIMA+SVR,33.529786347812106,31.14959238800632,35.269450017135185,33.39310024144854,31.675738133670738,35.110462349226346,33.5,-0.029786347812105873,34.15
2025-06-01,Comilla,SARIMA+SVR,32.60229887343054,30.22210491362476,34.34196254275362,32.47200474956588,30.75463992740965,34.18936957172212,32.32,-0.28229887343054116,32.79
2025-07-01,Comilla,SARIMA+SVR,32.21058231111954,29.830388351313758,33.95024598044262,32.08210202831982,30.36473634022306,33.79946771641657,31.84,-0.3705823111195379,33.39
2025-08-01,Comilla,SARIMA+SVR,32.53609181792984,30.155897858124053,34.27575548725292,32.41161557671579,30.69424961794853,34.12898153548305,32.09,-0.4460918179298332,31.56
2025-09-01,Comilla,SARIMA+SVR,32.8607188832754,30.48052492346962,34.60038255259848,32.75467576963898,31.03730974376409,34.47204179551386,33.53,0.6692811167245978,33.5
2025-10-01,Comilla,SARIMA+SVR,32.3283442834318,29.948150323626013,34.06800795275488,32.234732284895706,30.517366298359804,33.95209827143161,33.59,1.2616557165682067,32.31
2025-11-01,Comilla,SARIMA+SVR,30.321822903387776,27.941628943581996,32.061486572710855,30.244712925282123,28.52734714146224,31.96207870910201,30.85,0.5281770966122252,30.82
2025-12-01,Comilla,SARIMA+SVR,26.856740389060924,24.47654642925514,28.596404058384003,26.78034263218184,25.06297750782067,28.497707756543008,26.94,0.08325961093907708,27.19
2024-01-01,Cox's Bazar,SARIMA+LSTM,28.02272672776004,26.104183627134116,29.3261076995124,28.0585531401517,26.72705645710644,29.390049823196964,26.24,-1.7827267277600427,28.25
2024-02-01,Cox's Bazar,SARIMA+LSTM,30.1101776870474,28.191634586421472,31.41355865879976,30.150752665153565,28.759553985796817,31.541951344510316,29.59,-0.5201776870474006,30.43
2024-03-01,Cox's Bazar,SARIMA+LSTM,32.50813747039305,30.589594369767124,33.81151844214541,32.55377777723895,31.150828031061558,33.95672752341635,32.22,-0.28813747039305326,33.05
2024-04-01,Cox's Bazar,SARIMA+LSTM,33.64009214471647,31.72154904409054,34.94347311646882,33.691526335260114,32.278061972413106,35.10499069810712,35.1,1.4599078552835323,34.83
2024-05-01,Cox's Bazar,SARIMA+LSTM,33.8026257419612,31.884082641335272,35.106006713713555,33.86441454929677,32.44153393512361,35.28729516346993,34.11,0.3073742580387986,33.41
2024-06-01,Cox's Bazar,SARIMA+LSTM,32.181524081806366,30.26298098118044,33.48490505355872,32.226063833480325,30.794744430955717,33.65738323600493,32.44,0.258475918193632,32.38
2024-07-01,Cox's Bazar,SARIMA+LSTM,31.43695212479002,29.518409024164093,32.74033309654238,31.48102903594448,30.04214209693699,32.91991597495196,30.85,-0.5869521247900202,32.34
2024-08-01,Cox's Bazar,SARIMA+LSTM,31.750837412768423,29.832294312142498,33.05421838452078,31.802077356894948,30.356400557995123,33.24775415579477,30.31,-1.440837412768424,31.0
2024-09-01,Cox's Bazar,SARIMA+LSTM,32.45093005975314,30.53238695912721,33.754311031505495,32.48235922542191,31.03058759290399,33.93413085793983,32.4,-0.05093005975314213,32.51
2024-10-01,Cox's Bazar,SARIMA+LSTM,32.942150990868456,31.023607890242527,34.24553196262082,32.97399927852349,31.51675467802123,34.43124387902576,33.09,0.14784900913154786,32.56
2024-11-01,Cox's Bazar,SARIMA+LSTM,31.58369912229997,29.665156021674044,32.88708009405233,31.607142718281587,30.14498213186542,33.069303304697755,32.1,0.5163008777000329,31.33
2024-12-01,Cox's Bazar,SARIMA+LSTM,28.959727889597584,27.041184788971652,30.26310886134994,28.980704922584437,27.5141450761322,30.447264769036664,29.55,0.5902721104024167,28.84
2025-01-01,Cox's Bazar,SARIMA+LSTM,28.0867055035742,26.168162402948276,29.39008647532656,28.106872303864296,26.639042997611863,29.57470161011673,28.23,0.14329449642579917,28.25
2025-02-01,Cox's Bazar,SARIMA+LSTM,30.17991932649072,28.26137622586479,31.48330029824308,30.19901541539803,28.72844069363404,31.66959013716202,31.13,0.9500806735092802,30.43
2025-03-01,Cox's Bazar,SARIMA+LSTM,32.59556291233769,30.67701981171176,33.898943884090045,32.61343331158872,31.14000206996683,34.08686455321061,32.61,0.014437087662308556,33.05
2025-04-01,Cox's Bazar,SARIMA+LSTM,33.76757350398072,31.849030403354792,35.070954475733075,33.784138630137726,32.308136849637805,35.260140410637646,33.37,-0.39757350398072333,34.83
2025-05-01,Cox's Bazar,SARIMA+LSTM,33.8613063219136,31.942763221287677,35.16468729366596,33.87653031007207,32.398215209066365,35.354845411077775,33.56,-0.3013063219136001,33.41
2025-06-01,Cox's Bazar,SARIMA+LSTM,32.255555415947164,30.337012315321235,33.55893638769952,32.269380411042164,30.78898345408087,33.74977736800346,31.21,-1.0455554159471632,32.38
2025-07-01,Cox's Bazar,SARIMA+LSTM,31.547658190979927,29.629115090354,32.851039162732285,31.560436820941185,30.07816640061439,33.042707241267976,30.36,-1.1876581909799278,32.34
2025-08-01,Cox's Bazar,SARIMA+LSTM,31.785675918735848,29.86713281810992,33.08905689048821,31.79748017516001,30.31352400602261,33.281436344297404,31.68,-0.10567591873584803,31.0
2025-09-01,Cox's Bazar,SARIMA+LSTM,32.50934878183206,30.59080568120613,33.81272975358442,32.52015065344334,31.03467791181225,34.00562339507443,32.75,0.24065121816794033,32.51
2025-10-01,Cox's Bazar,SARIMA+LSTM,32.97948442910376,31.060941328477835,34.282865400856124,32.98964282673488,31.502806065797085,34.47647958767268,33.45,0.4705155708962394,32.56
2025-11-01,Cox's Bazar,SARIMA+LSTM,31.62044597857093,29.70190287794501,32.92382695032329,31.629984201320436,30.141921067267383,33.11804733537348,31.43,-0.19044597857093137,31.33
2025-12-01,Cox's Bazar,SARIMA+LSTM,29.001640788068052,27.083097687442127,30.305021759820413,29.01071041097032,27.521564344747134,30.499856477193504,28.49,-0.5116407880680534,28.84
2024-01-01,Faridpur,SARIMA+SVR,25.09609459168224,23.096779014897653,26.897006951733605,25.03865877533772,23.263251051151656,26.814066499523776,22.91,-2.1860945916822416,24.64
2024-02-01,Faridpur,SARIMA+SVR,28.789564506289672,26.790248929505083,30.590476866341035,28.82236610781432,26.984702560879377,30.660029654749263,28.44,-0.3495645062896706,29.56
2024-03-01,Faridpur,SARIMA+SVR,33.46525953457716,31.465943957792568,35.26617189462852,33.34398988519432,31.501963996627296,35.18601577376134,32.11,-1.3552595345771579,32.53
2024-04-01,Faridpur,SARIMA+SVR,35.1855354821402,33.18621990535561,36.98644784219156,35.10963246614081,33.26729566176975,36.95196927051187,37.89,2.7044645178597975,36.71
2024-05-01,Faridpur,SARIMA+SVR,34.45407109638256,32.45475551959797,36.25498345643392,34.427507808759145,32.585148818446285,36.269866799072005,35.15,0.6959289036174354,34.61
2024-06-01,Faridpur,SARIMA+SVR,33.637346522535154,31.638030945750565,35.43825888258652,33.52643462599046,31.68407405242818,35.36879519955274,35.09,1.4526534774648496,33.87
2024-07-01,Faridpur,SARIMA+SVR,32.909785485711254,30.910469908926665,34.71069784576262,32.78534876733838,30.94298808079363,34.62770945388313,33.79,0.8802145142887454,34.42
2024-08-01,Faridpur,SARIMA+SVR,32.98537473374307,30.986059156958483,34.786287093794435,32.85222245510845,31.009861760546222,34.69458314967068,32.81,-0.17537473374306956,33.2
2024-09-01,Faridpur,SARIMA+SVR,33.22894295149176,31.22962737470717,35.02985531154312,33.07231789312502,31.229957198625566,34.91467858762447,33.78,0.5510570485082411,33.57
2024-10-01,Faridpur,SARIMA+SVR,32.74557647626069,30.7462608994761,34.54648883631205,32.56706760162784,30.724706916030037,34.409428287225644,32.67,-0.07557647626068587,33.05
2024-11-01,Faridpur,SARIMA+SVR,30.398258360025903,28.398942783241317,32.19917072007726,30.25962291617753,28.417262355889623,32.101983476465435,31.0,0.6017416399740974,31.09
2024-12-01,Faridpur,SARIMA+SVR,26.37713066659764,24.377815089813048,28.178043026649,26.301210048261986,24.4588512439645,28.143568852559465,26.88,0.5028693334023586,26.69
2025-01-01,Faridpur,SARIMA+SVR,24.994051038991216,22.994735462206627,26.79496339904258,24.95600458511208,23.110925329863232,26.80108384036092,25.3,0.30594896100878444,24.64
2025-02-01,Faridpur,SARIMA+SVR,28.86899931045423,26.869683733669643,30.669911670505595,28.821492694540503,26.976217705571464,30.66676768350954,29.68,0.811000689545768,29.56
2025-03-01,Faridpur,SARIMA+SVR,33.405987885702885,31.406672308918296,35.20690024575425,33.364963300418424,31.519674344057872,35.21025225677898,33.76,0.3540121142971131,32.53
2025-04-01,Faridpur,SARIMA+SVR,35.16248412668413,33.16316854989954,36.96339648673549,35.13644201955298,33.29115206643866,36.9817319726673,34.59,-0.5724841266841239,36.71
2025-05-01,Faridpur,SARIMA+SVR,34.484478524530374,32.485162947745785,36.28539088458174,34.45587642182857,32.61058639758276,36.30116644607438,34.51,0.025521475469624022,34.61
2025-06-01,Faridpur,SARIMA+SVR,33.608657153555185,31.6093415767706,35.40956951360655,33.55521972457421,31.70992969525245,35.40050975389596,33.31,-0.2986571535551832,33.87
2025-07-01,Faridpur,SARIMA+SVR,32.901527575841406,30.902211999056817,34.70243993589277,32.81424512541295,30.96895509573219,34.659535155093714,32.16,-0.7415275758414097,34.42
2025-08-01,Faridpur,SARIMA+SVR,32.99521120070762,30.995895623923037,34.796123560758986,32.881148534923334,31.03585850526219,34.72643856458448,32.6,-0.39521120070762095,33.2
2025-09-01,Faridpur,SARIMA+SVR,33.231240958955,31.23192538217041,35.03215331900636,33.101251912773535,31.255961883747712,34.94654194179936,33.97,0.7387590410450002,33.57
2025-10-01,Faridpur,SARIMA+SVR,32.71994320758662,30.720627630802028,34.52085556763798,32.59600374231494,30.750713722217498,34.441293762412386,33.13,0.41005679241338555,33.05
2025-11-01,Faridpur,SARIMA+SVR,30.38358316758264,28.384267590798046,32.184495527634,30.28855962347659,28.443269728493043,32.13384951846014,30.24,-0.14358316758264067,31.09
2025-12-01,Faridpur,SARIMA+SVR,26.39280394154713,24.39348836476254,28.19371630159849,26.33014690692515,24.48485876514465,28.175435048705648,25.69,-0.7028039415471277,26.69
2024-01-01,Jessore,SARIMA+ANN,25.58503438412334,23.616741788677643,27.167620071271077,25.655074375259865,23.83573155363208,27.474417196887654,23.47,-2.1150343841233408,25.22
2024-02-01,Jessore,SARIMA+ANN,29.01018318773427,27.04189059228857,30.592768874882005,29.54185661741921,27.64810639371144,31.43560684112698,28.64,-0.37018318773426984,30.34
2024-03-01,Jessore,SARIMA+ANN,33.88005899490109,31.911766399455395,35.462644682048825,33.9605017111243,32.060672542414366,35.86033087983424,32.61,-1.2700589949010919,33.15
2024-04-01,Jessore,SARIMA+ANN,36.50410877264799,34.53581617720229,38.08669445979572,36.30665266511154,34.40631697200053,38.20698835822255,38.58,2.0758912273520096,37.48
2024-05-01,Jessore,SARIMA+ANN,36.06935328503103,34.10106068958533,37.65193897217876,35.984282191981144,34.08390422586953,37.88466015809276,36.29,0.22064671496897148,35.81
2024-06-01,Jessore,SARIMA+ANN,34.727295104604146,32.75900250915845,36.30988079175188,34.856926606416124,32.95654511186038,36.75730810097187,36.35,1.6227048953958558,35.75
2024-07-01,Jessore,SARIMA+ANN,33.59029812273179,31.62200552728609,35.17288380987952,33.68991092489767,31.789529135827824,35.590292713967514,33.7,0.10970187726821479,34.66
2024-08-01,Jessore,SARIMA+ANN,33.55865417199571,31.590361576550016,35.14123985914345,33.60429318627176,31.70391137263645,35.50467499990707,32.72,-0.8386541719957137,33.55
2024-09-01,Jessore,SARIMA+ANN,33.64112133383204,31.672828738386343,35.223707020979774,33.82577404051727,31.92539222503928,35.72615585599525,33.96,0.31887866616796146,33.87
2024-10-01,Jessore,SARIMA+ANN,32.99080426918003,31.022511673734336,34.573389956327766,33.24339512772087,31.343013314578368,35.14377694086338,33.05,0.05919573081996532,33.17
2024-11-01,Jessore,SARIMA+ANN,30.68239919355163,28.71410659810593,32.26498488069936,30.878003486887263,28.9776217037626,32.778385270011924,30.74,0.05760080644837018,31.03
2024-12-01,Jessore,SARIMA+ANN,26.767555712129315,24.79926311668362,28.35014139927705,27.028900520503964,25.128519097178568,28.92928194382936,27.08,0.312444287870683,26.84
2025-01-01,Jessore,SARIMA+ANN,25.39059078223039,23.42229818678469,26.973176469378124,25.72864893388236,23.823014395621307,27.63428347214341,25.68,0.2894092177696095,25.22
2025-02-01,Jessore,SARIMA+ANN,29.095218494390867,27.12692589894517,30.6778041815386,29.58211234205996,27.676039629805796,31.488185054314123,30.04,0.9447815056091322,30.34
2025-03-01,Jessore,SARIMA+ANN,33.61531276828771,31.64702017284201,35.19789845543544,33.99113128845362,32.085022006791625,35.89724057011562,34.67,1.0546872317122933,33.15
2025-04-01,Jessore,SARIMA+ANN,36.1147873776693,34.146494782223606,37.69737306481704,36.3345011513585,34.428388817314875,38.24061348540213,35.73,-0.38478737766930493,37.48
2025-05-01,Jessore,SARIMA+ANN,36.00948057958106,34.04118798413536,37.59206626672879,36.01132719295428,34.10521460413151,37.91743978177704,35.72,-0.28948057958105977,35.81
2025-06-01,Jessore,SARIMA+ANN,34.800679923618944,32.83238732817325,36.38326561076668,34.88373947238679,32.97762686229798,36.789852082475605,34.21,-0.5906799236189428,35.75
2025-07-01,Jessore,SARIMA+ANN,33.61255825805658,31.644265662610884,35.195143945204315,33.716656724723975,31.810544112861557,35.6227693365864,32.54,-1.0725582580565813,34.66
2025-08-01,Jessore,SARIMA+ANN,33.48284060115656,31.514548005710864,35.065426288304295,33.63101961001229,31.724906998019115,35.53713222200546,32.64,-0.8428406011565599,33.55
2025-09-01,Jessore,SARIMA+ANN,33.7491709285749,31.7808783331292,35.33175661572263,33.85249486631112,31.946382254514184,35.758607478108054,34.05,0.30082907142509896,33.87
2025-10-01,Jessore,SARIMA+ANN,33.12237702656638,31.154084431120687,34.70496271371412,33.27011433621145,31.364001726912697,35.1762269455102,33.35,0.22762297343361837,33.17
2025-11-01,Jessore,SARIMA+ANN,30.734797982005645,28.76650538655995,32.31738366915338,30.9047222281226,28.99860964876561,32.810834807479594,30.19,-0.5447979820056439,31.03
2025-12-01,Jessore,SARIMA+ANN,26.8508873200497,24.882594724604004,28.433473007197435,27.055619126744556,25.14950690610626,28.961731347382845,25.71,-1.1408873200496998,26.84
2024-01-01,Khulna,SARIMA+SVR,25.38121915776721,23.699369292635065,27.21774713536445,25.423287546521856,23.80532557761367,27.04124951543004,23.12,-2.261219157767208,25.35
2024-02-01,Khulna,SARIMA+SVR,28.979314607838933,27.29746474270679,30.815842585436176,29.105279393206978,27.424953479395064,30.78560530701889,28.16,-0.8193146078389333,29.45857
2024-03-01,Khulna,SARIMA+SVR,33.499166934060305,31.81731706892816,35.33569491165755,33.32217892410764,31.631685613659403,35.01267223455588,32.02,-1.4791669340603022,32.54
2024-04-01,Khulna,SARIMA+SVR,35.55246343261568,33.87061356748354,37.38899141021293,35.56930783461827,33.87476384344431,37.26385182579223,37.88,2.327536567384321,36.74
2024-05-01,Khulna,SARIMA+SVR,35.49821477254638,33.81636490741424,37.334742750143626,35.437693258943824,33.74051698446529,37.13486953342236,35.56,0.06178522745361903,35.69
2024-06-01,Khulna,SARIMA+SVR,34.058628391065795,32.37677852593365,35.89515636866304,34.07204741873403,32.37285622207614,35.77123861539192,35.58,1.5213716089342029,34.71
2024-07-01,Khulna,SARIMA+SVR,33.014463924400026,31.332614059267883,34.85099190199727,32.97362648541841,31.27282302391852,34.674429946918295,33.27,0.25553607559997715,33.89
2024-08-01,Khulna,SARIMA+SVR,33.10314351097048,31.42129364583834,34.939671488567726,32.9655375187619,31.26342927914941,34.667645758374384,31.74,-1.3631435109704846,32.71
2024-09-01,Khulna,SARIMA+SVR,33.34252763784371,31.66067777271157,35.17905561544095,33.245874264005,31.54270699699129,34.949041531018715,33.67,0.3274723621562927,33.2
2024-10-01,Khulna,SARIMA+SVR,32.78398031846158,31.10213045332944,34.62050829605882,32.76802792046154,31.064000392441887,34.4720554484812,33.09,0.30601968153842307,33.13
2024-11-01,Khulna,SARIMA+SVR,30.45717600878234,28.7753261436502,32.29370398637958,30.45833497613092,28.753608464023927,32.16306148823791,30.8,0.34282399121766005,30.62
2024-12-01,Khulna,SARIMA+SVR,26.469986730890724,24.78813686575858,28.306514708487967,26.4997271367957,24.79443268130622,28.205021592285178,26.84,0.37001326910927546,26.56
2025-01-01,Khulna,SARIMA+SVR,25.35427399201151,23.672424126879367,27.190801969608756,25.3698692147766,23.65433288545004,27.08540554410315,25.46,0.10572600798849052,25.35
2025-02-01,Khulna,SARIMA+SVR,29.06897712808424,27.3871272629521,30.905505105681485,29.058552612150457,27.34128341827408,30.77582180602684,30.05,0.9810228719157621,29.45857
2025-03-01,Khulna,SARIMA+SVR,33.265841949693325,31.58399208456118,35.10236992729057,33.28159932755434,31.56362726494736,34.999571390161314,33.75,0.48415805030667514,32.54
2025-04-01,Khulna,SARIMA+SVR,35.56449938610674,33.8826495209746,37.40102736370398,35.53429612653257,33.81586397485152,37.25272827821362,35.12,-0.44449938610674167,36.74
2025-05-01,Khulna,SARIMA+SVR,35.44989134799938,33.76804148286724,37.28641932559663,35.40770742637318,33.68892212851732,37.12649272422904,35.35,-0.09989134799938171,35.69
2025-06-01,Khulna,SARIMA+SVR,34.116888286702306,32.43503842157016,35.95341626429955,34.04659437595887,32.327526139251546,35.76566261266619,34.06,-0.0568882867023035,34.71
2025-07-01,Khulna,SARIMA+SVR,33.036484189732334,31.35463432460019,34.87301216732958,32.95226067012493,31.232963271275874,34.67155806897399,32.04,-0.9964841897323353,33.89
2025-08-01,Khulna,SARIMA+SVR,33.034602338403886,31.352752473271742,34.87113031600113,32.94785697650644,31.22837346742825,34.667340485584624,32.4,-0.6346023384038872,32.71
2025-09-01,Khulna,SARIMA+SVR,33.30770916099788,31.625859295865737,35.14423713859512,33.231516527908184,31.511881769648035,34.95115128616833,34.08,0.7722908390021175,33.2
2025-10-01,Khulna,SARIMA+SVR,32.80242412761099,31.120574262478847,34.63895210520823,32.75666616484855,31.03690846827758,34.476423861419526,33.68,0.8775758723890092,33.13
2025-11-01,Khulna,SARIMA+SVR,30.44933985847636,28.767489993344213,32.2858678360736,30.449674519261254,28.729816899756965,32.169532138765554,30.45,0.000660141523638913,30.62
2025-12-01,Khulna,SARIMA+SVR,26.46804416900953,24.786194303877387,28.304572146606773,26.493502281073404,24.77356351798463,28.213441044162177,25.72,-0.7480441690095319,26.56
2024-01-01,Rajshahi,SARIMA+SVR,23.936303566142374,21.645803833450948,25.96864601387083,24.115676200329943,22.100871901527,26.130480499132887,21.99,-1.946303566142376,24.24
2024-02-01,Rajshahi,SARIMA+SVR,28.315868791691635,26.025369059000205,30.34821123942009,28.29188880329329,26.20240061615061,30.381376990435967,27.44,-0.8758687916916337,29.49
2024-03-01,Rajshahi,SARIMA+SVR,33.57318292022742,31.282683187535987,35.60552536795587,33.473519723883385,31.384031536740707,35.56300791102606,31.79,-1.7831829202274179,32.76
2024-04-01,Rajshahi,SARIMA+SVR,36.30316694939178,34.01266721670035,38.33550939712024,36.26778506835548,34.1782968812128,38.35727325549816,39.07,2.76683305060822,37.48
2024-05-01,Rajshahi,SARIMA+SVR,35.627629942806784,33.337130210115355,37.65997239053524,35.40736239709573,33.317874209953054,37.49685058423841,35.95,0.32237005719321843,36.27
2024-06-01,Rajshahi,SARIMA+SVR,35.23623120712948,32.94573147443805,37.26857365485793,35.31548703096762,33.22599884382494,37.404975218110295,36.23,0.9937687928705188,37.26
2024-07-01,Rajshahi,SARIMA+SVR,34.40642309698445,32.11592336429302,36.4387655447129,34.27560535533904,32.18611716819636,36.36509354248172,34.82,0.41357690301555294,35.75
2024-08-01,Rajshahi,SARIMA+SVR,34.26135561815941,31.970855885467984,36.29369806588787,34.16030202166162,32.070813834518944,36.2497902088043,33.55,-0.7113556181594163,34.04
2024-09-01,Rajshahi,SARIMA+SVR,34.090151422596705,31.799651689905275,36.12249387032516,33.985428873530395,31.89594068638772,36.07491706067307,33.88,-0.21015142259670228,34.33
2024-10-01,Rajshahi,SARIMA+SVR,32.71977422748156,30.42927449479013,34.75211667521001,32.59881615263526,30.50932796549258,34.688304339777936,32.44,-0.27977422748156044,32.38
2024-11-01,Rajshahi,SARIMA+SVR,29.985219700463837,27.694719967772404,32.01756214819228,30.03214993091473,27.942661743772057,32.12163811805741,30.16,0.17478029953616314,30.42
2024-12-01,Rajshahi,SARIMA+SVR,25.746392035776584,23.455892303085157,27.77873448350504,25.826068463629014,23.73658028850813,27.915556638749894,26.13,0.38360796422341537,26.25
2025-01-01,Rajshahi,SARIMA+SVR,23.994043389465247,21.703543656773817,26.0263858371937,24.05390958299949,21.95191824656809,26.15590091943089,24.72,0.7259566105347517,24.24
2025-02-01,Rajshahi,SARIMA+SVR,28.22776519787909,25.93726546518766,30.260107645607544,28.315250959700283,26.212318526993737,30.418183392406828,29.11,0.8822348021209088,29.49
2025-03-01,Rajshahi,SARIMA+SVR,33.47627657988411,31.18577684719268,35.50861902761256,33.49688188029038,31.39394944758384,35.599814312996926,33.35,-0.1262765798841059,32.76
2025-04-01,Rajshahi,SARIMA+SVR,36.26849416625753,33.9779944335661,38.30083661398599,36.29114722476248,34.18821479205593,38.39407965746902,34.99,-1.2784941662575307,37.48
2025-05-01,Rajshahi,SARIMA+SVR,35.456516855916966,33.16601712322554,37.48885930364542,35.43072455350273,33.32779212079618,37.53365698620927,35.04,-0.4165168559169672,36.27
2025-06-01,Rajshahi,SARIMA+SVR,35.4424157561787,33.15191602348727,37.47475820390715,35.33884918737461,33.23591675466807,37.44178162008116,34.6,-0.8424157561786956,37.26
2025-07-01,Rajshahi,SARIMA+SVR,34.42139115531219,32.13089142262076,36.45373360304065,34.298967511746035,32.19603507903949,36.40189994445258,32.8,-1.621391155312196,35.75
2025-08-01,Rajshahi,SARIMA+SVR,34.3370133493393,32.04651361664787,36.36935579706776,34.18366417806862,32.08073174536207,36.28659661077516,33.32,-1.017013349339301,34.04
2025-09-01,Rajshahi,SARIMA+SVR,34.12553589146514,31.83503615877371,36.1578783391936,34.00879102993739,31.905858597230846,36.11172346264394,34.56,0.4344641085348613,34.33
2025-10-01,Rajshahi,SARIMA+SVR,32.67722980331756,30.38673007062613,34.70957225104601,32.622178309042255,30.51924587633571,34.7251107417488,33.19,0.512770196682439,32.38
2025-11-01,Rajshahi,SARIMA+SVR,30.05136219448877,27.76086246179734,32.08370464221723,30.055512087321727,27.95257965461518,32.15844452002827,29.42,-0.6313621944887693,30.42
2025-12-01,Rajshahi,SARIMA+SVR,25.77746064958844,23.486960916897008,27.80980309731689,25.849430620036006,23.7464981992744,27.95236304079761,24.06,-1.7174606495884426,26.25
2024-01-01,Rangamati,SARIMA+XGB,26.85355579061418,24.67050493955479,28.733543618512364,26.91972184134632,25.14657759490967,28.692866087782964,25.12,-1.7335557906141794,27.56
2024-02-01,Rangamati,SARIMA+XGB,29.857517980156977,27.674467129097582,31.73750580805516,29.93864371639355,28.089840379606237,31.787447053180863,29.24,-0.617517980156979,30.7
2024-03-01,Rangamati,SARIMA+XGB,33.41759895750764,31.23454810644825,35.29758678540583,33.46305604496482,31.58518479411911,35.34092729581053,32.85,-0.5675989575076414,32.84
2024-04-01,Rangamati,SARIMA+XGB,34.48057769665179,32.2975268455924,36.360565524549976,34.56011117675958,32.6708725892291,36.449349764290055,37.08,2.599422303348206,35.75
2024-05-01,Rangamati,SARIMA+XGB,34.06290716692131,31.87985631586192,35.9428949948195,34.03957010819834,32.14585680625794,35.93328341013874,34.53,0.4670928330786879,34.84
2024-06-01,Rangamati,SARIMA+XGB,32.62608806820359,30.4430372171442,34.50607589610178,32.66902923615422,30.773550049301207,34.56450842300724,33.17,0.5439119317964085,33.19
2024-07-01,Rangamati,SARIMA+XGB,32.08737039763672,29.904319546577327,33.9673582255349,32.13581174437148,30.239635145664952,34.031988343078005,32.65,0.5626296023632804,33.89
2024-08-01,Rangamati,SARIMA+XGB,32.47637434631578,30.293323495256388,34.35636217421396,32.52481569305054,30.62836397424359,34.42126741185749,30.99,-1.486374346315781,30.62
2024-09-01,Rangamati,SARIMA+XGB,32.91279046962174,30.72973961856235,34.792778297519924,32.97895652035388,31.08239731963616,34.875515721071594,33.68,0.7672095303782598,33.62
2024-10-01,Rangamati,SARIMA+XGB,32.56172431032579,30.3786734592664,34.44171213822398,32.62789036105793,30.731291869826403,34.52448885228945,32.62,0.058275689674204045,31.98
2024-11-01,Rangamati,SARIMA+XGB,30.35231619073357,28.169265339674183,32.23230401863176,30.41848224146571,28.52187630340637,32.31508817952505,30.96,0.6076838092664296,30.44
2024-12-01,Rangamati,SARIMA+XGB,27.44231043958215,25.25925958852276,29.32229826748033,27.508476490314287,25.611888060393092,29.40506492023548,28.18,0.7376895604178486,27.45
2025-01-01,Rangamati,SARIMA+XGB,26.906948166081328,24.723897315021937,28.78693599397951,26.973114216813464,25.076405070485805,28.869823363141123,27.61,0.7030518339186713,27.56
2025-02-01,Rangamati,SARIMA+XGB,29.919072698378272,27.73602184731888,31.799060526276456,29.985238749110408,28.088488349782573,31.881989148438244,30.96,1.0409273016217284,30.7
2025-03-01,Rangamati,SARIMA+XGB,33.43921131509328,31.25616046403389,35.319199142991465,33.50537736582542,31.60861066405521,35.40214406759563,34.76,1.3207886849067165,32.84
2025-04-01,Rangamati,SARIMA+XGB,34.52021199499472,32.337161143935326,36.4001998228929,34.5997454751025,32.70297234113103,36.49651860907397,34.63,0.10978800500528507,35.75
2025-05-01,Rangamati,SARIMA+XGB,33.99798150743349,31.81493065637409,35.87796933533167,34.07751498754127,32.18073934174301,35.97429063333953,33.93,-0.06798150743348685,34.84
2025-06-01,Rangamati,SARIMA+XGB,32.65747057574437,30.474419724684974,34.53745840364255,32.70591192247913,30.8091353617788,34.60268848317946,32.38,-0.27747057574436695,33.19
2025-07-01,Rangamati,SARIMA+XGB,32.12358524844685,29.94053439738746,34.003573076345035,32.17202659518161,30.27524987021846,34.06880332014477,31.33,-0.7935852484468526,33.89
2025-08-01,Rangamati,SARIMA+XGB,32.512169307080285,30.329118456020893,34.39215713497847,32.56061065381505,30.663834363285165,34.457386944344925,32.11,-0.4021693070802854,30.62
2025-09-01,Rangamati,SARIMA+XGB,32.948321431772044,30.76527058071265,34.82830925967023,33.01448748250418,31.117712626955093,34.91126233805327,33.47,0.521678568227955,33.62
2025-10-01,Rangamati,SARIMA+XGB,32.59708928790698,30.41403843684759,34.477077115805166,32.66325533863912,30.76648424598038,34.56002643129786,33.58,0.9829107120930161,31.98
2025-11-01,Rangamati,SARIMA+XGB,30.38757680838368,28.20452595732429,32.26756463628186,30.453742859115817,28.556981337962583,32.35050438026905,30.81,0.4224231916163177,30.44
2025-12-01,Rangamati,SARIMA+XGB,27.477505442728003,25.29445459166861,29.357493270626183,27.54367149346014,25.646934206274512,29.440408780645765,27.72,0.2424945572719963,27.45
2024-01-01,Rangpur,SARIMA+XGB,24.068040177590568,21.95750114104332,26.560512448152316,24.066949396293037,21.954109335300625,26.179789457285445,20.87,-3.198040177590567,23.94
2024-02-01,Rangpur,SARIMA+XGB,27.4385280218645,25.32798898531725,29.931000292426244,27.370937606386747,25.14736268497365,29.594512527799843,26.59,-0.8485280218644995,27.68
2024-03-01,Rangpur,SARIMA+XGB,31.50455642981999,29.39401739327274,33.99702870038173,31.40651987983458,29.163674214346585,33.649365545322574,29.78,-1.7245564298199874,30.71
2024-04-01,Rangpur,SARIMA+XGB,32.1628702189003,30.05233118235305,34.65534248946204,32.3380977566515,30.088001617254783,34.58819389604822,35.48,3.3171297810996947,34.08
2024-05-01,Rangpur,SARIMA+XGB,32.891912456407695,30.781373419860447,35.384384726969444,32.766333933725505,30.51136547399282,35.021302393458186,34.22,1.3280875435923036,34.01
2024-06-01,Rangpur,SARIMA+XGB,33.25074852676412,31.140209490216872,35.74322079732586,33.303066704881395,31.04385120421833,35.56228220554446,32.65,-0.6007485267641215,33.66
2024-07-01,Rangpur,SARIMA+XGB,33.46160650020425,31.351067463657,35.95407877076599,33.39192587649409,31.12867244692875,35.65517930605944,34.23,0.7683934997957493,33.99
2024-08-01,Rangpur,SARIMA+XGB,33.98929741911291,31.87875838256566,36.48176968967465,33.75642493299841,31.48923177811496,36.02361808788186,33.69,-0.29929741911291075,33.4
2024-09-01,Rangpur,SARIMA+XGB,33.142914706895056,31.032375670347808,35.635386977456804,33.050483891794386,30.77941810549779,35.32154967809098,34.19,1.0470852931049421,33.86
2024-10-01,Rangpur,SARIMA+XGB,32.29431393489298,30.18377489834573,34.78678620545473,32.22017478689608,29.94529418766262,34.49505538612954,31.71,-0.5843139348929824,31.83
2024-11-01,Rangpur,SARIMA+XGB,29.972892530491094,27.86235349394385,32.46536480105284,29.896668359865888,27.61802755499605,32.17530916473572,30.43,0.45710746950890524,30.98
2024-12-01,Rangpur,SARIMA+XGB,26.0259589630114,23.915419926464157,28.518431233573143,26.072368834440606,23.790021030184874,28.35471663869634,26.05,0.024041036988599274,26.7
2025-01-01,Rangpur,SARIMA+XGB,23.89823686660772,21.787697830060477,26.390709137169463,23.88743111075407,21.604227472906853,26.170634748601284,23.9,0.001763133392277183,23.94
2025-02-01,Rangpur,SARIMA+XGB,27.2549644292853,25.144425392738054,29.747436699847047,27.366801861073743,25.08111325299177,29.652490469155723,27.26,0.005035570714699844,27.68
2025-03-01,Rangpur,SARIMA+XGB,31.23933446600335,29.1287954294561,33.73180673656509,31.32157168730395,29.03282084768732,33.61032252692058,31.59,0.3506655339966507,30.71
2025-04-01,Rangpur,SARIMA+XGB,32.70457757211235,30.5940385355651,35.19704984267409,32.544070295458106,30.252116892428564,34.83602369848765,32.54,-0.1645775721123499,34.08
2025-05-01,Rangpur,SARIMA+XGB,33.000516026684906,30.889976990137654,35.492988297246654,32.917584321865704,30.62242076205077,35.21274788168064,32.79,-0.21051602668490688,34.01
2025-06-01,Rangpur,SARIMA+XGB,33.25947576206846,31.148936725521214,35.75194803263021,33.35281283599062,31.054468938185373,35.651156733795865,34.43,1.170524237931538,33.66
2025-07-01,Rangpur,SARIMA+XGB,33.536564020906816,31.426024984359568,36.02903629146856,33.46962798247231,31.16814357818827,35.77111238675635,34.12,0.5834359790931813,33.99
2025-08-01,Rangpur,SARIMA+XGB,33.73499595048731,31.62445691394006,36.22746822104905,33.72409278946822,31.41951002658623,36.028675552350215,33.18,-0.5549959504873101,33.4
2025-09-01,Rangpur,SARIMA+XGB,33.120748875918466,31.010209839371218,35.613221146480214,33.152517212810594,30.844878412254868,35.46015601336632,33.77,0.6492511240815375,33.86
2025-10-01,Rangpur,SARIMA+XGB,32.19774149482708,30.08720245827983,34.69021376538882,32.18385224913816,29.873199312784973,34.49450518549135,32.39,0.19225850517292287,31.83
2025-11-01,Rangpur,SARIMA+XGB,30.01530971887409,27.90477068232684,32.50778198943583,30.030152138759185,27.716526390987145,32.34377788653123,30.14,0.12469028112591118,30.98
2025-12-01,Rangpur,SARIMA+XGB,26.13584984960519,24.025310813057946,28.62832212016693,26.153259997540346,23.836702231474565,28.46981776360612,24.71,-1.4258498496051892,26.7
2024-01-01,Sylhet,SARIMA+SVR,26.229491822598867,23.60870513733655,28.800120350501484,26.557579903297363,24.52917209660759,28.585987709987137,24.66,-1.5694918225988665,26.48
2024-02-01,Sylhet,SARIMA+SVR,29.10568818376188,26.48490149849956,31.67631671166449,29.164154364714676,27.103371618983797,31.224937110445552,27.52,-1.5856881837618815,29.07
2024-03-01,Sylhet,SARIMA+SVR,32.03633362845547,29.41554694319316,34.606962156358094,32.24937863272391,30.182588566706272,34.31616869874155,31.01,-1.0263336284554718,30.77
2024-04-01,Sylhet,SARIMA+SVR,32.36655799283352,29.745771307571204,34.937186520736134,32.26336899785569,30.19657893183805,34.33015906387333,32.93,0.5634420071664792,33.3
2024-05-01,Sylhet,SARIMA+SVR,32.34432753640596,29.72354085114365,34.91495606430858,32.20024313672826,30.133453070710623,34.2670332027459,32.68,0.3356724635940367,33.34
2024-06-01,Sylhet,SARIMA+SVR,32.557730362316654,29.936943677054337,35.128358890219275,32.55411905716304,30.487328991145404,34.62090912318068,30.78,-1.7777303623166532,31.9
2024-07-01,Sylhet,SARIMA+SVR,33.046516061755895,30.425729376493575,35.61714458965851,32.895477577720136,30.828687511702498,34.962267643737775,33.37,0.3234839382441024,33.18
2024-08-01,Sylhet,SARIMA+SVR,33.45706225632899,30.836275571066672,36.02769078423161,33.467291595913906,31.400501529896268,35.534081661931545,31.99,-1.4670622563289903,32.0
2024-09-01,Sylhet,SARIMA+SVR,33.11910523456139,30.49831854929907,35.689733762464,32.97575380747158,30.908963741453935,35.042543873489215,34.43,1.3108947654386114,34.4
2024-10-01,Sylhet,SARIMA+SVR,32.74351170906514,30.122725023802825,35.31414023696776,32.780290213755904,30.713500147738262,34.84708027977354,31.24,-1.5035117090651404,31.78
2024-11-01,Sylhet,SARIMA+SVR,30.52513379193801,27.904347106675697,33.09576231984063,30.63326369297321,28.566473957290352,32.70005342865607,30.46,-0.06513379193800972,30.74
2024-12-01,Sylhet,SARIMA+SVR,27.522336809723384,24.901550124461068,30.092965337626,27.630893539972494,25.564105567993657,29.69768151195133,27.15,-0.3723368097233859,27.51
2025-01-01,Sylhet,SARIMA+SVR,26.44352548695525,23.822738801692932,29.01415401485787,26.559188956576428,24.483585002481533,28.63479291067132,26.47,0.026474513044750125,26.48
2025-02-01,Sylhet,SARIMA+SVR,29.077726987791824,26.456940302529507,31.64835551569444,29.084448300574124,27.00855954676443,31.160337054383817,28.96,-0.11772698779182278,29.07
2025-03-01,Sylhet,SARIMA+SVR,32.26276263648839,29.641975951226076,34.833391164391,32.23014942687168,30.15420733547041,34.30609151827294,31.99,-0.27276263648839105,30.77
2025-04-01,Sylhet,SARIMA+SVR,32.49960542657279,29.878818741310475,35.07023395447541,32.39950772769276,30.32356563629149,34.475449819094024,32.83,0.33039457342720624,33.3
2025-05-01,Sylhet,SARIMA+SVR,32.462431051247655,29.84164436598534,35.03305957915028,32.301595337681896,30.22565324628063,34.37753742908316,32.23,-0.23243105124765862,33.34
2025-06-01,Sylhet,SARIMA+SVR,32.57968379621212,29.9588971109498,35.150312324114736,32.406818870849406,30.33087677944814,34.48276096225067,32.73,0.1503162037878738,31.9
2025-07-01,Sylhet,SARIMA+SVR,33.24025810297216,30.61947141770984,35.810886630874776,33.030191771452515,30.954249680051248,35.10613386285378,33.69,0.4497418970278346,33.18
2025-08-01,Sylhet,SARIMA+SVR,33.58591811660468,30.965131431342364,36.1565466445073,33.425783689109146,31.34984159770788,35.50172578051041,32.05,-1.5359181166046838,32.0
2025-09-01,Sylhet,SARIMA+SVR,33.269677904396794,30.64889121913448,35.840306432299414,33.173516652831424,31.09757456143016,35.24945874423269,33.56,0.29032209560320865,34.4
2025-10-01,Sylhet,SARIMA+SVR,32.691352356135496,30.07056567087318,35.26198088403811,32.7050077698161,30.629065678414836,34.780949861217366,33.11,0.41864764386450304,31.78
2025-11-01,Sylhet,SARIMA+SVR,30.624619024013683,28.00383233875137,33.195247551916296,30.72924292135074,28.65330107139921,32.80518477130227,30.47,-0.15461902401368377,30.74
2025-12-01,Sylhet,SARIMA+SVR,27.53419931877968,24.91341263351736,30.10482784668229,27.655970927256597,25.580030366439072,29.731911488074115,27.46,-0.07419931877968011,27.51
2024-01-01,Srimongal,SARIMA+LSTM,26.181722313286627,24.31670177857092,28.02618765084152,25.896786627854244,23.98610265448607,27.807470601222416,23.42,-2.7617223132866258,26.67
2024-02-01,Srimongal,SARIMA+LSTM,29.229928873291637,27.364908338575923,31.074394210846528,28.9652230585262,27.028752470292176,30.901693646760226,27.88,-1.3499288732916384,29.6
2024-03-01,Srimongal,SARIMA+LSTM,32.71460122801545,30.849580693299732,34.55906656557034,32.46258076648567,30.50967023826329,34.415491294708055,31.23,-1.4846012280154461,31.27
2024-04-01,Srimongal,SARIMA+LSTM,33.870528828144145,32.005508293428434,35.71499416569904,33.58304545070075,31.61961176462735,35.54647913677415,35.83,1.9594711718558528,34.88
2024-05-01,Srimongal,SARIMA+LSTM,33.320114504826805,31.455093970111093,35.1645798423817,33.07560650526076,31.105420088711146,35.04579292181037,33.99,0.6698854951731974,34.45
2024-06-01,Srimongal,SARIMA+LSTM,33.07903489920708,31.21401436449137,34.923500236761974,32.86702683778485,30.8925003372156,34.841553338354096,32.24,-0.8390348992070784,33.37
2024-07-01,Srimongal,SARIMA+LSTM,33.34472672018204,31.479706185466327,35.18919205773693,33.13432478121633,31.157006073305997,35.111643489126664,34.22,0.8752732798179608,34.43
2024-08-01,Srimongal,SARIMA+LSTM,33.54359183911089,31.678571304395177,35.38805717666578,33.35744919092794,31.378333023231264,35.33656535862461,32.23,-1.3135918391108916,32.9
2024-09-01,Srimongal,SARIMA+LSTM,33.482569006270744,31.617548471555036,35.32703434382564,33.27001313126117,31.289739503078724,35.25028675944362,34.23,0.7474309937292531,34.94
2024-10-01,Srimongal,SARIMA+LSTM,32.52308350883045,30.658062974114745,34.36754884638535,32.35059457606725,30.36957559515012,34.33161355698439,32.31,-0.2130835088304508,32.39
2024-11-01,Srimongal,SARIMA+LSTM,30.434438816585143,28.56941828186943,32.27890415414004,30.248637774429582,28.26713902213737,32.2301365267218,31.28,0.8455611834148584,30.86
2024-12-01,Srimongal,SARIMA+LSTM,27.181478224405005,25.31645768968929,29.0259435619599,27.004181928387982,25.022374762706605,28.98598909406936,27.07,-0.11147822440500477,27.44
2025-01-01,Srimongal,SARIMA+LSTM,25.8416640930372,23.976643558321488,27.686129430592093,25.667600614845224,23.681875953484365,27.653325276206083,26.57,0.7283359069628013,26.67
2025-02-01,Srimongal,SARIMA+LSTM,28.95362205211042,27.088601517394707,30.798087389665312,28.78537209610169,26.799272272967364,30.771471919236014,29.69,0.7363779478895829,29.6
2025-03-01,Srimongal,SARIMA+LSTM,32.485489162484406,30.62046862776869,34.3299545000393,32.32233746113658,30.33599588476208,34.30867903751108,33.23,0.7445108375155911,31.27
2025-04-01,Srimongal,SARIMA+LSTM,33.633110716118296,31.768090181402584,35.47757605367319,33.47460035940874,31.488103002403097,35.46109771641438,34.33,0.6968892838817027,34.88
2025-05-01,Srimongal,SARIMA+LSTM,33.14580017966423,31.28077964494852,34.99026551721912,32.99268997313838,31.006092251190648,34.97928769508612,33.31,0.1641998203357744,34.45
2025-06-01,Srimongal,SARIMA+LSTM,32.95365412894276,31.088633594227048,34.79811946649765,32.804605398000284,30.817943043919414,34.791267752081154,33.59,0.6363458710572445,33.37
2025-07-01,Srimongal,SARIMA+LSTM,33.234219259094324,31.369198724378613,35.07868459664922,33.08835741575473,31.10165348882402,35.07506134268544,33.56,0.3257807409056781,34.43
2025-08-01,Srimongal,SARIMA+LSTM,33.467372824880606,31.60235229016489,35.3118381624355,33.324691649426306,31.33796105772712,35.31142224112549,33.42,-0.047372824880604014,32.9
2025-09-01,Srimongal,SARIMA+LSTM,33.38796704467871,31.522946509963,35.232432382233604,33.24786083230483,31.261113256035905,35.23460840857376,33.91,0.5220329553212864,34.94
2025-10-01,Srimongal,SARIMA+LSTM,32.47378729704811,30.6087667623324,34.318252634603006,32.33695648364275,30.3501982731326,34.323714694152905,33.49,1.01621270295189,32.39
2025-11-01,Srimongal,SARIMA+LSTM,30.376482356254463,28.511461821538752,32.22094769380936,30.24183514216145,28.255070562913627,32.228599721409275,30.74,0.36351764374553497,30.86
2025-12-01,Srimongal,SARIMA+LSTM,27.13495265570491,25.2699321209892,28.979417993259805,27.00286700837752,25.016099077332647,28.989634939422395,27.0,-0.134952655704911,27.44
2024-01-01,Bhola,SARIMA+SVR,26.16214027225366,24.748766463208508,27.93988450732143,26.125473655835357,24.64044867073664,27.61049864093407,24.17,-1.992140272253657,26.41
2024-02-01,Bhola,SARIMA+SVR,29.318687090378237,27.905313281333083,31.096431325446005,29.271459488505467,27.74131921211305,30.80159976489788,28.98,-0.33868709037823663,29.91
2024-03-01,Bhola,SARIMA+SVR,32.85999389353972,31.446620084494565,34.63773812860749,32.70139387536269,31.15417051857346,34.24861723215192,31.92,-0.9399938935397216,32.33
2024-04-01,Bhola,SARIMA+SVR,34.077503687811465,32.66412987876632,35.85524792287924,33.95136351628782,32.3975884660354,35.50513856654024,35.97,1.892496312188534,35.42
2024-05-01,Bhola,SARIMA+SVR,33.983817999761726,32.57044419071657,35.7615622348295,33.812517262565684,32.25621760188312,35.36881692324825,34.83,0.8461820002382723,34.39
2024-06-01,Bhola,SARIMA+SVR,32.81018484759661,31.39681103855146,34.58792908266438,32.687750356017105,31.130476118917013,34.2450245931172,34.3,1.4898151524033878,33.48
2024-07-01,Bhola,SARIMA+SVR,32.0180167137834,30.60464290473825,33.795760948851175,31.941041680696845,30.383390968687216,33.498692392706474,32.81,0.791983286216599,33.47
2024-08-01,Bhola,SARIMA+SVR,32.2452142332054,30.83184042416025,34.022958468273174,32.1421855892524,30.58438941077444,33.69998176773036,31.08,-1.165214233205404,32.15
2024-09-01,Bhola,SARIMA+SVR,32.57608546376898,31.162711654723832,34.353829698836755,32.510252545083524,30.95240016164696,34.06810492852009,33.42,0.8439145362310185,33.0
2024-10-01,Bhola,SARIMA+SVR,32.497201047787826,31.083827238742675,34.2749452828556,32.47349231455955,30.91561823395112,34.03136639516798,33.08,0.5827989522121726,32.8
2024-11-01,Bhola,SARIMA+SVR,30.484899790366956,29.0715259813218,32.262644025434724,30.51466804461213,28.956785639777163,32.072550449447085,31.12,0.6351002096330447,31.05
2024-12-01,Bhola,SARIMA+SVR,26.982043571575097,25.568669762529947,28.75978780664287,27.04667546212564,25.488789997834356,28.604560926416923,27.17,0.18795642842490423,27.44
2025-01-01,Bhola,SARIMA+SVR,25.94660788433602,24.53323407529087,27.724352119403797,25.97116530799557,24.408658703363432,27.5336719126277,26.08,0.1333921156639768,26.41
2025-02-01,Bhola,SARIMA+SVR,29.222595069410023,27.809221260364872,31.000339304477794,29.18445732139629,27.62165167382383,30.74726296896876,30.05,0.827404930589978,29.91
2025-03-01,Bhola,SARIMA+SVR,32.73814286745519,31.32476905841004,34.51588710252296,32.65623347416124,31.093312272332145,34.21915467599034,33.62,0.881857132544809,32.33
2025-04-01,Bhola,SARIMA+SVR,34.041227265628784,32.62785345658364,35.81897150069656,33.932214595091224,32.36924873795868,35.49518045222377,33.75,-0.291227265628784,35.42
2025-05-01,Bhola,SARIMA+SVR,33.928596170889186,32.51522236184404,35.70634040595696,33.80953871748406,32.246555603185755,35.372521831782365,34.1,0.1714038291108153,34.39
2025-06-01,Bhola,SARIMA+SVR,32.818438818828575,31.405065009783424,34.59618305389635,32.694824336345455,31.13183455333164,34.257814119359274,32.3,-0.518438818828578,33.48
2025-07-01,Bhola,SARIMA+SVR,32.06789441908121,30.654520610036062,33.845638654148985,31.95436494467819,30.39137258580097,33.517357303555414,32.13,0.06210558091878937,33.47
2025-08-01,Bhola,SARIMA+SVR,32.23556030472077,30.82218649567562,34.01330453978854,32.15939380199865,30.59640045114468,33.72238715285261,32.39,0.15443969527922974,32.15
2025-09-01,Bhola,SARIMA+SVR,32.550571985580966,31.13719817653581,34.32831622064874,32.529875886946,30.966882161792302,34.092869612099705,33.57,1.0194280144190344,33.0
2025-10-01,Bhola,SARIMA+SVR,32.45259790039072,31.03922409134557,34.23034213545849,32.494617052965715,30.931623206612816,34.05761089931861,33.45,0.9974020996092818,32.8
2025-11-01,Bhola,SARIMA+SVR,30.451933913008727,29.038560103963576,32.2296781480765,30.53672614577984,28.973732313277605,32.09971997828208,31.06,0.608066086991272,31.05
2025-12-01,Bhola,SARIMA+SVR,26.988300639364105,25.574926830318955,28.76604487443188,27.069313800438763,25.50632013032798,28.63230747054955,26.68,-0.3083006393641057,27.44
2024-01-01,Mymensingh,SARIMA+LSTM,24.70439467018869,22.931011990607345,26.87593294662083,24.331187637602422,22.493900835358517,26.16847443984634,21.74,-2.9643946701886925,24.36
2024-02-01,Mymensingh,SARIMA+LSTM,27.55821052673377,25.784827847152428,29.72974880316591,27.181395878663917,25.28735460476923,29.0754371525586,26.62,-0.9382105267337693,27.86
2024-03-01,Mymensingh,SARIMA+LSTM,31.188001410210997,29.41461873062965,33.35953968664313,30.82146302666508,28.924627991527416,32.71829806180274,29.81,-1.3780014102109988,29.83
2024-04-01,Mymensingh,SARIMA+LSTM,32.34245182085175,30.569069141270404,34.51399009728389,31.95613206501325,30.058113988120063,33.85415014190644,35.15,2.807548179148249,34.07
2024-05-01,Mymensingh,SARIMA+LSTM,32.53826123313379,30.76487855355244,34.709799509565926,32.21181513637556,30.313684717933167,34.10994555481794,33.97,1.4317387668662107,33.45
2024-06-01,Mymensingh,SARIMA+LSTM,32.34150771899747,30.568125039416124,34.51304599542961,32.02865604539103,30.130496663611137,33.92681542717092,31.68,-0.6615077189974699,32.83
2024-07-01,Mymensingh,SARIMA+LSTM,32.47728153238044,30.70389885279909,34.648819808812576,32.17277539145563,30.27461228025271,34.07093850265855,33.13,0.6527184676195645,33.57
2024-08-01,Mymensingh,SARIMA+LSTM,32.76713775066651,30.99375507108516,34.938676027098644,32.49137107096007,30.593207190057228,34.38953495186291,32.01,-0.7571377506665087,32.65
2024-09-01,Mymensingh,SARIMA+LSTM,32.65446087588721,30.881078196305864,34.82599915231935,32.37205831584107,30.473894320326945,34.270222311355205,33.68,1.0255391241127896,33.47
2024-10-01,Mymensingh,SARIMA+LSTM,32.17834330735963,30.404960627778287,34.34988158379177,31.91865906901637,30.02049505233884,33.816823085693905,31.44,-0.7383433073596315,31.56
2024-11-01,Mymensingh,SARIMA+LSTM,30.07364765523414,28.300264975652794,32.24518593166628,29.79636007090152,27.89819605123401,31.69452409056904,30.53,0.45635234476586106,30.66
2024-12-01,Mymensingh,SARIMA+LSTM,26.042582959823047,24.2692002802417,28.214121236255185,25.790501060030664,23.89233704807613,27.6886650719852,26.52,0.4774170401769524,26.42
2025-01-01,Mymensingh,SARIMA+LSTM,24.442391981571337,22.66900930198999,26.613930258003474,24.198822079459887,22.30052712741598,26.0971170315038,25.23,0.7876080184286636,24.36
2025-02-01,Mymensingh,SARIMA+LSTM,27.43941672902792,25.666034049446573,29.610955005460056,27.20250040235452,25.304197218272733,29.1008035864363,27.84,0.40058327097208135,27.86
2025-03-01,Mymensingh,SARIMA+LSTM,30.93293561323192,29.159552933650573,33.10447388966406,30.702761555946328,28.8044579591822,32.60106515271046,31.24,0.30706438676807934,29.83
2025-04-01,Mymensingh,SARIMA+LSTM,32.394918212763976,30.62153553318263,34.56645648919611,32.17115043645553,30.272846665091283,34.06945420781977,32.42,0.025081787236025832,34.07
2025-05-01,Mymensingh,SARIMA+LSTM,32.5593711082814,30.78598842870005,34.730909384713534,32.34231567261416,30.444011884645636,34.24061946058269,32.66,0.10062889171859979,33.45
2025-06-01,Mymensingh,SARIMA+LSTM,32.32853906581727,30.55515638623592,34.500077342249405,32.11659511053547,30.218291318289623,34.01489890278132,32.74,0.41146093418273466,32.83
2025-07-01,Mymensingh,SARIMA+LSTM,32.530153451289664,30.75677077170832,34.7016917277218,32.322976905036484,30.424673112240008,34.22128069783296,32.66,0.12984654871033285,33.57
2025-08-01,Mymensingh,SARIMA+LSTM,32.717192949666355,30.94381027008501,34.88873122609849,32.51454613013308,30.61624233722638,34.41284992303977,31.94,-0.7771929496663539,32.65
2025-09-01,Mymensingh,SARIMA+LSTM,32.690866675000805,30.91748399541946,34.86240495143294,32.49203435068123,30.59373055777108,34.39033814359138,33.18,0.4891333249991945,33.47
2025-10-01,Mymensingh,SARIMA+LSTM,32.083720867340546,30.3103381877592,34.25525914377268,31.888846565143524,29.99054277237212,33.787150357914925,32.91,0.826279132659451,31.56
2025-11-01,Mymensingh,SARIMA+LSTM,30.08384027688496,28.31045759730361,32.255378553317094,29.892326732626632,27.99402294018948,31.790630525063783,30.3,0.21615972311504095,30.66
2025-12-01,Mymensingh,SARIMA+LSTM,26.05018161554562,24.276798935964276,28.22171989197776,25.86239059568117,23.96408680993732,27.760694381425026,25.32,-0.730181615545618,26.42
